step,w_0,w_1,w_2,w_3,w_4,w_5,w_6,w_7,w_8,w_9,w_10,w_11,w_12,w_13,w_14,w_15,w_16,w_17,w_18,w_19,w_20,w_21,w_22,w_23,w_24,w_25,w_26,w_27,w_28,w_29,w_30,w_31,w_32,w_33
-1,0,0,0,0,0,0,0,0,1,0,0,0,0,0,0,0,0,0,0,0,0,0,0,0,0,0,0,0,0,0,0,0,0,0
0,0,0,0,0,0,0,0,0,1,0,0,1,0,0,0,0,0,0,0,0,0,0,0,0,0,0,0,0,0,0,0,0,0,1
1,0,0,0,0,0,0,0,0,1,0,0,1,0,0,0,0,0,0,0,0,0,0,0,0,0,0,0,1,0,0,0,0,0,1
2,0,0,0,0,0,0,0,0,2,0,0,6,0,0,0,0,0,0,0,0,0,0,1,0,1,0,0,1,0,0,0,0,0,1
3,0,0,0,0,0,0,0,0,2,0,0,13,0,0,0,0,0,0,0,0,0,0,2,0,2,0,0,1,0,0,0,0,0,1
4,0,0,0,0,0,0,0,0,2,0,0,16,0,0,0,0,0,0,0,0,0,0,4,0,3,0,0,2,0,0,0,0,0,1
5,0,0,0,0,0,0,0,0,7,0,0,16,0,0,0,0,0,0,0,0,0,0,5,0,4,0,0,3,0,0,0,0,0,1
6,0,0,0,0,0,0,0,0,11,0,0,19,0,0,0,0,0,0,0,0,0,0,5,0,6,0,0,5,0,0,0,0,0,1
7,0,0,0,0,0,0,0,0,14,0,0,22,0,0,0,0,0,0,0,0,0,0,5,0,8,0,0,5,0,0,0,0,0,1
8,0,0,0,0,0,0,0,0,16,0,0,23,0,0,0,0,0,0,0,0,0,0,6,0,8,0,0,5,0,0,0,0,0,1
9,0,0,0,0,0,0,0,0,21,0,0,24,0,0,0,0,0,0,0,0,0,0,6,0,8,0,0,5,0,0,0,0,0,1
10,0,0,0,0,0,0,0,0,23,0,0,26,0,0,0,0,0,0,0,2,0,0,6,0,8,0,0,6,0,0,0,0,0,1
11,0,0,0,0,0,0,0,0,26,0,0,27,0,0,0,0,0,0,0,3,0,0,6,0,9,0,0,6,0,0,0,0,0,2
12,0,0,0,0,0,0,0,0,27,0,0,28,0,0,0,0,0,0,0,3,0,0,7,0,10,0,0,6,0,0,0,0,0,2
13,0,0,0,0,0,0,0,0,33,0,0,31,0,0,0,0,0,0,0,3,0,0,7,0,12,0,0,6,0,0,0,0,0,2
14,0,0,0,0,0,0,0,0,34,0,0,31,0,0,0,0,0,0,0,3,0,0,7,0,17,0,0,7,0,0,0,0,0,2
15,0,0,0,0,0,0,0,0,37,0,0,32,0,0,0,0,0,0,0,3,0,0,8,0,19,0,0,7,0,0,0,0,0,2
16,0,0,0,0,0,0,0,0,40,0,0,35,0,0,0,0,0,0,0,3,0,0,8,0,22,0,0,8,0,0,0,0,0,2
17,0,0,0,0,0,0,0,0,45,0,0,37,0,0,0,0,0,0,0,3,0,0,8,0,27,0,0,8,0,0,0,0,0,2
18,0,0,0,0,0,0,0,0,48,0,0,39,0,0,0,0,0,0,0,4,0,0,8,0,30,0,0,9,0,0,0,0,0,2
19,0,0,0,0,0,0,0,0,51,0,0,41,0,0,0,0,0,0,0,4,0,0,9,0,31,0,0,10,0,0,0,0,0,2
20,0,0,0,0,0,0,0,0,54,0,0,41,0,0,0,0,0,0,0,4,0,0,11,0,34,0,0,11,0,0,0,0,0,2
21,0,0,0,0,0,0,0,0,57,0,0,44,0,0,0,0,0,0,0,5,0,0,11,0,34,0,0,12,0,0,0,0,0,2
22,0,0,0,0,0,0,0,0,59,0,0,46,0,0,0,0,0,0,0,5,0,0,12,0,35,0,0,12,0,0,0,0,0,2
23,0,0,0,0,0,0,0,0,64,0,0,47,0,0,0,0,0,0,0,6,0,0,12,0,38,0,0,12,0,0,0,0,0,2
24,0,0,0,0,0,0,0,0,67,0,0,47,0,0,0,0,0,0,0,6,0,0,13,0,38,0,0,12,0,0,0,0,0,2
25,0,0,0,0,0,0,0,0,72,0,0,47,0,0,0,0,0,0,0,6,0,0,13,0,40,0,0,13,0,0,0,0,0,2
26,0,0,0,0,0,0,0,0,77,0,0,48,0,0,0,0,0,0,0,6,0,0,15,0,41,0,0,13,0,0,0,0,0,2
27,0,0,0,0,0,0,0,0,84,0,0,49,0,0,0,0,0,0,0,6,0,0,15,0,43,0,0,13,0,0,0,0,0,2
28,0,0,0,0,0,0,0,0,86,0,0,53,0,0,0,0,0,0,0,6,0,0,15,0,45,0,0,13,0,0,0,0,0,2
29,0,0,0,0,0,0,0,0,87,0,0,55,0,0,0,0,0,0,0,6,0,0,15,0,46,0,0,13,0,0,0,0,0,2
30,0,0,0,0,0,0,0,0,90,0,0,57,0,0,0,0,0,0,0,6,0,0,15,0,47,0,0,13,0,0,0,0,0,2
31,0,0,0,0,0,0,0,0,93,0,0,59,0,0,0,0,0,0,0,6,0,0,15,0,48,0,0,13,0,0,0,0,0,2
32,0,0,0,0,0,0,0,0,98,0,0,61,0,0,0,0,0,0,0,7,0,0,15,0,48,0,0,13,0,0,0,0,0,3
33,0,0,0,0,0,0,0,0,103,0,0,64,0,0,0,0,0,0,0,7,0,0,15,0,53,0,0,14,0,0,0,0,0,3
34,0,0,0,0,0,0,0,0,108,0,0,65,0,0,0,0,0,0,0,7,0,0,16,0,54,0,0,14,0,0,0,0,0,3
35,0,0,0,0,0,0,0,0,111,0,0,66,0,0,0,0,0,0,0,7,0,0,16,0,55,0,0,14,0,0,0,0,0,3
36,0,0,0,0,0,0,0,0,116,0,0,68,0,0,0,0,0,0,0,7,0,0,16,0,58,0,0,14,0,0,0,0,0,3
37,0,0,0,0,0,0,0,0,119,0,0,70,0,0,0,0,0,0,0,9,0,0,16,0,58,0,0,15,0,0,0,0,0,3
38,0,0,0,0,0,0,0,0,121,0,0,73,0,0,0,0,0,0,0,9,0,0,16,0,58,0,0,16,0,0,0,0,0,4
39,0,0,0,0,0,0,0,0,124,0,0,76,0,0,0,0,0,0,0,10,0,0,16,0,62,0,0,16,0,0,0,0,0,4
40,0,0,0,0,0,0,0,0,132,0,0,77,0,0,0,0,0,0,0,10,0,0,16,0,64,0,0,16,0,0,0,0,0,4
41,0,0,0,0,0,0,0,0,135,0,0,80,0,0,0,0,0,0,0,11,0,0,16,0,67,0,0,16,0,0,0,0,0,4
42,0,0,0,0,0,0,0,0,135,0,0,82,0,0,0,0,0,0,0,11,0,0,16,0,68,0,0,17,0,0,0,0,0,4
43,0,0,0,0,0,0,0,0,136,0,0,83,0,0,0,0,0,0,0,11,0,0,16,0,70,0,0,17,0,0,0,0,0,4
44,0,0,0,0,0,0,0,0,141,0,0,86,0,0,0,0,0,0,0,11,0,0,16,0,72,0,0,17,0,0,0,0,0,4
45,0,0,0,0,0,0,0,0,145,0,0,87,0,0,0,0,0,0,0,12,0,0,16,0,75,0,0,18,0,0,0,0,0,4
46,0,0,0,0,0,0,0,0,148,0,0,89,0,0,0,0,0,0,0,12,0,0,16,0,76,0,0,18,0,0,0,0,0,4
47,0,0,0,0,0,0,0,0,150,0,0,91,0,0,0,0,0,0,0,12,0,0,16,0,78,0,0,18,0,0,0,0,0,4
48,0,0,0,0,0,0,0,0,153,0,0,94,0,0,0,0,0,0,0,12,0,0,16,0,81,0,0,18,0,0,0,0,0,5
49,0,0,0,0,0,0,0,0,156,0,0,94,0,0,0,0,0,0,0,13,0,0,16,0,84,0,0,18,0,0,0,0,0,6
50,0,0,0,0,0,0,0,0,161,0,0,96,0,0,0,0,0,0,0,13,0,0,16,0,85,0,0,19,0,0,0,0,0,6
51,0,0,0,0,0,0,0,0,165,0,0,97,0,0,0,0,0,0,0,13,0,1,16,0,87,0,0,20,0,0,0,0,0,6
52,0,0,0,0,0,0,0,0,169,0,0,98,0,0,0,0,0,0,0,13,0,1,16,0,90,0,0,22,0,0,0,0,0,6
53,0,0,0,0,0,0,0,0,173,0,0,98,0,0,0,0,0,0,0,13,0,1,16,0,93,0,0,22,0,0,0,0,0,6
54,0,0,0,0,0,0,0,0,178,0,0,99,0,0,0,0,0,0,0,13,0,1,16,0,97,0,0,22,0,0,0,0,0,6
55,0,0,0,0,0,0,0,0,181,0,0,100,0,0,0,0,0,0,0,14,0,1,16,0,99,0,0,23,0,0,0,0,0,7
56,0,0,0,0,0,0,0,0,184,0,0,101,0,0,0,0,0,1,0,15,0,1,16,0,99,0,0,23,0,0,0,0,0,7
57,0,0,0,0,0,0,0,0,188,0,0,101,0,0,0,0,0,1,0,15,0,1,16,0,100,0,0,23,0,0,0,0,0,7
58,0,0,0,0,0,0,0,0,191,0,0,102,0,0,0,0,0,1,0,15,0,1,16,0,101,0,0,24,0,0,0,0,0,7
59,0,0,0,0,0,0,0,0,192,0,0,104,0,0,0,0,0,2,0,15,0,1,16,0,102,0,0,24,0,0,0,0,0,9
60,0,0,0,0,0,0,0,0,194,0,0,105,0,0,0,0,0,2,0,15,0,1,16,0,103,0,0,24,0,0,0,0,0,10
61,0,0,0,0,0,0,0,0,198,0,0,106,0,0,0,0,0,3,0,15,0,1,16,0,106,0,0,24,0,0,0,0,0,10
62,0,0,0,0,0,0,0,0,200,0,0,106,0,0,0,0,0,4,0,15,0,1,16,0,109,0,0,24,0,0,0,0,0,10
63,0,0,0,0,0,0,0,0,203,0,0,107,0,0,0,0,0,5,0,15,0,1,16,0,110,0,0,24,0,0,0,0,0,11
64,0,0,0,0,0,0,0,0,206,0,0,108,0,0,0,0,0,5,0,15,0,1,16,0,111,0,0,24,0,0,0,0,0,11
65,0,0,0,0,0,0,0,0,209,0,0,110,0,0,0,0,0,5,0,16,0,1,16,0,111,0,0,25,0,0,0,0,0,11
66,0,0,0,0,0,0,0,0,212,0,0,111,0,0,0,0,0,5,0,18,0,1,17,0,115,0,0,26,0,0,0,0,0,11
67,0,0,0,0,0,0,0,0,217,0,0,112,0,0,0,0,0,5,0,20,0,1,17,0,119,0,0,26,0,0,0,0,0,11
68,0,0,0,0,0,0,0,0,220,0,0,113,0,0,0,0,0,5,0,21,0,1,17,0,120,0,0,26,0,0,0,0,0,11
69,0,0,0,0,0,0,0,0,224,0,0,113,0,0,0,0,0,6,0,21,0,1,17,0,124,0,0,27,0,0,0,0,0,11
70,0,0,0,0,0,0,0,0,230,0,0,115,0,0,0,0,0,6,0,21,0,1,17,0,124,0,0,29,0,0,0,0,0,11
71,0,0,0,0,0,0,0,0,234,0,0,116,0,0,0,0,0,7,0,21,0,1,17,0,124,0,0,29,0,0,0,0,0,11
72,0,0,0,0,0,0,0,0,238,0,0,116,0,0,0,0,0,8,0,21,0,1,18,0,127,0,0,29,0,0,0,0,0,11
73,0,0,0,0,0,0,0,0,242,0,0,119,0,0,0,0,0,8,0,21,0,1,18,0,131,0,0,30,0,0,0,0,0,11
74,0,0,0,0,0,0,0,0,245,0,0,120,0,0,0,0,0,8,0,22,0,1,18,0,131,0,0,30,0,0,0,0,0,12
75,0,0,0,0,0,0,0,0,245,0,0,120,0,0,0,0,0,8,0,22,0,2,19,0,133,0,0,30,0,0,0,0,0,12
76,0,0,0,0,0,0,0,0,247,0,0,120,0,0,0,0,0,9,0,22,0,2,19,0,137,0,0,30,0,0,0,0,0,12
77,0,0,0,0,0,0,0,0,249,0,0,121,0,0,0,0,0,9,0,22,0,2,19,0,139,0,0,31,0,0,0,0,0,12
78,0,0,0,0,0,0,0,0,253,0,0,121,0,0,0,0,0,9,0,22,0,2,20,0,141,0,0,32,0,0,0,0,0,12
79,0,0,0,0,0,0,0,0,259,0,0,121,0,0,0,0,0,9,0,23,0,2,20,0,144,0,0,32,0,0,0,0,0,12
80,0,0,0,0,0,0,0,0,263,0,0,121,0,0,0,0,0,9,0,23,0,2,20,0,146,0,0,32,0,0,0,0,0,12
81,0,0,0,0,0,0,0,0,268,0,0,121,0,0,0,0,0,9,1,24,0,2,20,0,146,0,0,32,0,0,0,0,0,12
82,0,0,0,0,0,0,0,0,272,0,0,121,0,0,0,0,0,9,1,24,0,2,21,0,151,0,0,32,0,0,0,0,0,12
83,0,0,0,0,0,0,0,0,277,0,0,121,0,0,0,0,0,9,1,26,0,2,21,0,151,0,0,32,0,0,0,0,0,12
84,0,0,0,0,0,0,0,0,281,0,0,121,0,0,0,0,0,9,1,27,0,2,21,0,153,0,0,33,0,0,0,0,0,12
85,0,0,0,0,0,0,0,0,286,0,0,121,0,0,0,0,0,9,1,27,0,2,21,0,154,0,0,33,0,0,0,0,0,12
86,0,0,0,0,0,0,0,0,291,0,0,121,0,0,0,0,0,10,1,27,0,2,22,0,154,0,0,33,0,0,0,0,0,12
87,0,0,0,0,0,0,0,0,295,0,0,121,0,0,0,0,0,10,1,27,0,2,22,0,158,0,0,34,0,0,0,0,0,12
88,0,0,0,0,0,0,0,0,298,0,0,121,0,0,0,0,0,10,1,27,0,2,22,0,158,0,0,35,0,0,0,0,0,12
89,0,0,0,0,0,0,0,0,301,0,0,121,0,0,0,0,0,10,1,27,0,2,22,0,162,0,0,35,0,0,0,0,0,12
90,0,0,0,0,0,0,0,0,306,0,0,123,0,0,0,0,0,10,1,27,0,2,22,0,163,0,0,35,0,0,0,0,0,12
91,0,0,0,0,0,0,0,0,311,0,0,124,0,0,0,0,0,11,1,27,0,2,22,0,166,0,0,35,0,0,0,0,0,13
92,0,0,0,0,0,0,0,0,314,0,0,124,0,0,0,0,0,11,1,27,0,2,23,0,167,0,0,35,0,0,0,0,0,13
93,0,0,0,0,0,0,0,0,315,0,0,124,0,0,0,0,0,11,1,27,0,2,23,0,170,0,0,36,0,0,0,0,0,13
94,0,0,0,0,0,0,0,0,317,0,0,125,0,0,0,0,0,11,1,27,0,2,23,0,172,0,0,36,0,0,0,0,0,13
95,0,0,0,0,0,0,0,0,319,0,0,126,0,0,0,0,0,12,1,27,0,2,23,0,173,0,0,37,0,0,0,0,0,13
96,0,0,0,0,0,0,0,0,324,0,0,126,0,0,0,0,0,13,1,27,0,2,23,0,174,0,0,37,0,0,0,0,0,13
97,0,0,0,0,0,0,0,0,330,0,0,127,0,0,0,0,0,13,1,29,0,2,23,0,176,0,0,37,0,0,0,0,0,13
98,0,0,0,0,0,0,0,0,331,0,0,127,0,0,0,0,0,13,1,29,0,2,23,0,181,0,0,38,0,0,0,0,0,13
99,0,0,0,0,0,0,0,0,337,0,0,127,0,0,0,0,0,14,1,31,0,2,23,0,181,0,0,38,0,0,0,0,0,13
100,0,0,0,0,0,0,0,0,341,0,0,129,0,0,0,0,0,14,1,31,0,2,23,0,183,0,0,38,0,0,0,0,0,13
101,0,0,0,0,0,0,0,0,345,0,0,129,0,0,0,0,0,14,1,31,0,2,23,0,184,0,0,38,0,0,0,0,0,13
102,0,0,0,0,0,0,0,0,347,0,0,129,0,0,0,0,0,14,1,31,0,2,23,0,185,0,0,38,0,0,0,0,0,13
103,0,0,0,0,0,0,0,0,348,0,0,129,0,0,0,0,0,14,1,31,0,2,23,0,190,0,0,38,0,0,0,0,0,13
104,0,0,0,0,0,0,0,0,348,0,0,129,0,0,0,0,0,14,1,31,0,2,23,0,193,0,0,39,0,0,0,0,0,13
105,0,0,0,0,0,0,0,0,350,0,0,129,0,0,0,0,0,15,1,31,0,2,23,0,195,0,0,40,0,0,0,0,0,13
106,0,0,0,0,0,0,0,0,355,0,0,129,0,0,0,0,0,15,1,31,0,2,23,0,197,0,0,40,0,0,0,0,0,13
107,0,0,0,0,0,0,0,0,358,0,0,129,0,0,0,0,0,15,1,32,0,2,23,0,198,0,0,40,0,0,0,0,0,13
108,0,0,0,0,0,0,0,0,361,0,0,129,0,0,0,0,0,16,1,33,0,2,23,0,201,0,0,40,0,0,0,0,0,13
109,0,0,0,0,0,0,0,0,362,0,0,129,0,0,0,0,0,16,1,33,0,2,23,0,205,0,0,40,0,0,0,0,0,13
110,0,0,0,0,0,0,0,0,365,0,0,129,0,0,0,0,0,16,1,33,0,2,23,0,209,0,0,40,0,0,0,0,0,13
111,0,0,0,0,0,0,0,0,367,0,0,129,0,0,0,0,0,16,1,33,0,2,23,0,212,0,0,40,0,0,0,0,0,13
112,0,0,0,0,0,0,0,0,368,0,0,129,0,0,0,0,0,16,1,34,0,2,23,0,214,0,0,40,0,0,0,0,0,13
113,0,0,0,0,0,0,0,0,369,0,0,129,0,0,0,0,0,17,1,34,0,2,23,0,217,0,0,40,0,0,0,0,0,13
114,0,0,0,0,0,0,0,0,372,0,0,129,0,0,0,0,0,17,1,34,0,2,23,0,222,0,0,40,0,0,0,0,0,13
115,0,0,0,0,0,0,0,0,374,0,0,129,0,0,0,0,0,17,1,34,0,2,23,0,226,0,0,41,0,0,0,0,0,13
116,0,0,0,0,0,0,0,0,377,0,0,129,0,0,0,0,0,18,1,34,0,2,23,0,228,0,0,41,0,0,0,0,0,13
117,0,0,0,0,0,0,0,0,377,0,0,129,0,0,0,0,0,18,1,34,0,2,23,0,229,0,0,41,0,0,0,0,0,13
118,0,0,0,0,0,0,0,0,382,0,0,129,0,0,0,0,0,19,1,34,0,2,23,0,232,0,0,41,0,0,0,0,0,13
119,0,0,0,0,0,0,0,0,384,0,0,129,0,0,0,0,0,19,1,35,0,2,23,0,234,0,0,41,0,0,0,0,0,13
120,0,0,0,0,0,0,0,0,385,0,0,129,0,0,0,0,0,19,1,35,0,2,23,0,237,0,0,41,0,0,0,0,0,13
121,0,0,0,0,0,0,0,0,389,0,0,129,0,0,0,0,0,19,1,35,0,2,23,0,240,0,0,41,0,0,0,0,0,13
122,0,0,0,0,0,0,0,0,392,0,0,129,0,0,0,0,0,19,1,36,0,2,23,0,241,0,0,41,0,0,0,0,0,13
123,0,0,0,0,0,0,0,0,395,0,0,129,0,0,0,0,0,19,1,36,0,2,23,0,241,0,0,41,0,0,0,0,0,13
124,0,0,0,0,0,0,0,0,396,0,0,129,0,0,0,0,0,19,1,36,0,2,23,0,244,0,0,42,0,0,0,0,0,13
125,0,0,0,0,0,0,0,0,398,0,0,129,0,0,0,0,0,19,1,36,0,2,23,0,247,0,0,42,0,0,0,0,0,13
126,0,0,0,0,0,0,0,0,400,0,0,129,0,0,0,0,0,19,1,36,0,2,23,0,252,0,0,42,0,0,0,0,0,13
127,0,0,0,0,0,0,0,0,402,0,0,129,0,0,0,0,0,19,1,36,0,2,23,0,256,0,0,42,0,0,0,0,0,13
128,0,0,0,0,0,0,0,0,403,0,0,129,0,0,0,0,0,19,1,36,0,2,23,0,259,0,0,42,0,0,0,0,0,13
129,0,0,0,0,0,0,0,0,407,0,0,129,0,0,0,0,0,19,1,36,0,2,23,0,262,0,0,42,0,0,0,0,0,13
130,0,0,0,0,0,0,0,0,408,0,0,129,0,0,0,0,0,19,1,36,0,2,23,0,263,0,0,42,0,0,0,0,0,13
131,0,0,0,0,0,0,0,0,410,0,0,129,0,0,0,0,0,19,1,37,0,2,23,0,268,0,0,42,0,0,0,0,0,13
132,0,0,0,0,0,0,0,0,413,0,0,129,0,0,0,0,0,19,1,37,0,2,23,0,271,0,0,42,0,0,0,0,0,13
133,0,0,0,0,0,0,0,0,415,0,0,129,0,0,0,0,0,19,1,38,0,2,23,0,274,0,0,42,0,0,0,0,0,13
134,0,0,0,0,0,0,0,0,419,0,0,129,0,0,0,0,0,19,1,39,0,2,23,0,277,0,0,42,0,0,0,0,0,13
135,0,0,0,0,0,0,0,0,421,0,0,129,0,0,0,0,0,19,1,40,0,2,23,0,280,0,0,42,0,0,0,0,0,13
136,0,0,0,0,0,0,0,0,425,0,0,129,0,0,0,0,0,19,1,41,0,2,23,0,281,0,0,42,0,0,0,0,0,13
137,0,0,0,0,0,0,0,0,430,0,0,129,0,0,0,0,0,20,1,41,0,2,23,0,282,0,0,43,0,0,0,0,0,13
138,0,0,0,0,0,0,0,0,432,0,0,129,0,0,0,0,0,21,1,41,0,2,23,0,284,0,0,43,0,0,0,0,0,13
139,0,0,0,0,0,0,0,0,437,0,0,129,0,0,0,0,0,21,1,41,0,2,23,0,286,0,0,43,0,0,0,0,0,13
140,0,0,0,0,0,0,0,0,438,0,0,129,0,0,0,0,0,21,1,41,0,2,23,0,288,0,0,43,0,0,0,0,0,13
141,0,0,0,0,0,0,0,0,442,0,0,129,0,0,0,0,0,21,1,41,0,2,23,0,289,0,0,44,0,0,0,0,0,13
142,0,0,0,0,0,0,0,0,444,0,0,129,0,0,0,0,0,21,1,42,0,2,23,0,293,0,0,44,0,0,0,0,0,13
143,0,0,0,0,0,0,0,0,447,0,0,129,0,0,0,0,0,21,1,43,0,2,23,0,294,0,0,44,0,0,0,0,0,13
144,0,0,0,0,0,0,0,0,450,0,0,129,0,0,0,0,0,21,1,43,0,2,23,0,299,0,0,45,0,0,0,0,0,13
145,0,0,0,0,0,0,0,0,451,0,0,129,0,0,0,0,0,21,1,43,0,2,23,0,302,0,0,45,0,0,0,0,0,13
146,0,0,0,0,0,0,0,0,452,0,0,129,0,0,0,0,0,22,1,43,0,2,23,0,304,0,0,45,0,0,0,0,0,13
147,0,0,0,0,0,0,0,0,454,0,0,129,0,0,0,0,0,23,1,44,0,2,23,0,307,0,0,45,0,0,0,0,0,13
148,0,0,0,0,0,0,0,0,455,0,0,129,0,0,0,0,0,23,1,44,0,2,23,0,309,0,0,45,0,0,0,0,0,13
149,0,0,0,0,0,0,0,0,458,0,0,129,0,0,0,0,0,23,1,44,0,2,23,0,313,0,0,45,0,0,0,0,0,13
150,0,0,0,0,0,0,0,0,460,0,0,129,0,0,0,0,0,23,1,44,0,2,23,0,316,0,0,45,0,0,0,0,0,13
151,0,0,0,0,0,0,0,0,462,0,0,129,0,0,0,0,0,23,1,44,0,2,23,0,317,0,0,46,0,0,0,0,0,13
152,0,0,0,0,0,0,0,0,466,0,0,129,0,0,0,0,0,23,1,45,0,2,23,0,320,0,0,46,0,0,0,0,0,13
153,0,0,0,0,0,0,0,0,469,0,0,129,0,0,0,0,0,23,1,45,0,2,23,0,322,0,0,46,0,0,0,0,0,13
154,0,0,0,0,0,0,0,0,471,0,0,129,0,0,0,0,0,23,1,47,0,2,23,0,322,0,0,46,0,0,0,0,0,13
155,0,0,0,0,0,0,0,0,474,0,0,129,0,0,0,0,0,24,1,47,0,2,23,0,324,0,0,46,0,0,0,0,0,13
156,0,0,0,0,0,0,0,0,475,0,0,129,0,0,0,0,0,24,1,49,0,2,23,0,327,0,0,46,0,0,0,0,0,13
157,0,0,0,0,0,0,0,0,477,0,0,129,0,0,0,0,0,24,1,49,0,2,23,0,328,0,0,46,0,0,0,0,0,13
158,0,0,0,0,0,0,0,0,480,0,0,129,0,0,0,0,0,25,1,49,0,2,23,0,331,0,0,46,0,0,0,0,0,13
159,0,0,0,0,0,0,0,0,481,0,0,129,0,0,0,0,0,25,1,49,0,2,23,0,333,0,0,47,0,0,0,0,0,13
160,0,0,0,0,0,0,0,0,482,0,0,129,0,0,0,0,0,25,1,49,0,2,23,0,335,0,0,47,0,0,0,0,0,13
161,0,0,0,0,0,0,0,0,483,0,0,129,0,0,0,0,0,27,1,50,0,2,23,0,336,0,0,47,0,0,0,0,0,13
162,0,0,0,0,0,0,0,0,486,0,0,129,0,0,0,0,0,28,1,50,0,2,23,0,340,0,0,47,0,0,0,0,0,13
163,0,0,0,0,0,0,0,0,491,0,0,129,0,0,0,0,0,28,1,50,0,2,23,0,343,0,0,48,0,0,0,0,0,13
164,0,0,0,0,0,0,0,0,493,0,0,129,0,0,0,0,0,28,1,50,0,2,23,0,346,0,0,48,0,0,0,0,0,13
165,0,0,0,0,0,0,0,0,495,0,0,129,0,0,0,0,0,28,1,50,0,2,23,0,349,0,0,48,0,0,0,0,0,13
166,0,0,0,0,0,0,0,0,500,0,0,129,0,0,0,0,0,28,1,50,0,2,23,0,351,0,0,48,0,0,0,0,0,13
167,0,0,0,0,0,0,0,0,501,0,0,129,0,0,0,0,0,29,1,51,0,2,23,0,351,0,0,48,0,0,0,0,0,13
168,0,0,0,0,0,0,0,0,505,0,0,129,0,0,0,0,0,29,1,52,0,2,23,0,352,0,0,48,0,0,0,0,0,13
169,0,0,0,0,0,0,0,0,507,0,0,129,0,0,0,0,0,29,1,52,0,2,23,0,354,0,0,48,0,0,0,0,0,13
170,0,0,0,0,0,0,0,0,511,0,0,129,0,0,0,0,0,29,1,53,0,2,23,0,360,0,0,48,0,0,0,0,0,13
171,0,0,0,0,0,0,0,0,514,0,0,129,0,0,0,0,0,29,1,53,0,2,23,0,364,0,0,48,0,0,0,0,0,13
172,0,0,0,0,0,0,0,0,514,0,0,129,0,0,0,0,0,29,1,54,0,2,23,0,366,0,0,48,0,0,0,0,0,14
173,0,0,0,0,0,0,0,0,517,0,0,129,0,0,0,0,0,29,1,54,0,2,23,0,368,0,0,48,0,0,0,0,0,15
174,0,0,0,0,0,0,0,0,518,0,0,129,0,0,0,0,0,29,1,55,0,2,23,0,371,0,0,48,0,0,0,0,0,15
175,0,0,0,0,0,0,0,0,521,0,0,129,0,0,0,0,0,29,1,56,0,2,23,0,375,0,0,48,0,0,0,0,0,15
176,0,0,0,0,0,0,0,0,523,0,0,129,0,0,0,0,0,29,1,57,0,2,23,0,377,0,0,49,0,0,0,0,0,15
177,0,0,0,0,0,0,0,0,526,0,0,129,0,0,0,0,0,29,1,58,0,2,23,0,380,0,0,49,0,0,0,0,0,15
178,0,0,0,0,0,0,0,0,530,0,0,129,0,0,0,0,0,29,1,60,0,2,23,0,383,0,0,49,0,0,0,0,0,15
179,0,0,0,0,0,0,0,0,533,0,0,129,0,0,0,0,0,29,1,61,0,2,23,0,387,0,0,49,0,0,0,0,0,15
180,0,0,0,0,0,0,0,0,535,0,0,129,0,0,0,0,0,29,1,61,0,2,23,0,389,0,0,49,0,0,0,0,0,15
181,0,0,0,0,0,0,0,0,536,0,0,129,0,0,0,0,0,29,1,61,0,2,23,0,393,0,0,49,0,0,0,0,0,15
182,0,0,0,0,0,0,0,0,539,0,0,129,0,0,0,0,0,29,1,62,0,2,23,0,396,0,0,49,0,0,0,0,0,16
183,0,0,0,0,0,0,0,0,542,0,0,129,0,0,0,0,0,30,1,62,0,2,23,0,398,0,0,49,0,0,0,0,0,16
184,0,0,0,0,0,0,0,0,544,0,0,129,0,0,0,0,0,31,1,63,0,2,23,0,399,0,0,49,0,0,0,0,0,16
185,0,0,0,0,0,0,0,0,546,0,0,129,0,0,0,0,0,32,1,63,0,2,23,0,400,0,0,49,0,0,0,0,0,16
186,0,0,0,0,0,0,0,0,546,0,0,129,0,0,0,0,0,32,1,64,0,2,23,0,402,0,0,49,0,0,0,0,0,16
187,0,0,0,0,0,0,0,0,547,0,0,129,0,0,0,0,0,32,1,64,0,2,23,0,406,0,0,49,0,0,0,0,0,16
188,0,0,0,0,0,0,0,0,551,0,0,129,0,0,0,0,0,32,2,64,0,2,23,0,407,0,0,50,0,0,0,0,0,16
189,0,0,0,0,0,0,0,0,551,0,0,129,0,0,0,0,0,32,2,64,0,2,23,0,408,0,0,51,0,0,0,0,0,16
190,0,0,0,0,0,0,0,0,554,0,0,129,0,0,0,0,0,32,2,64,0,2,23,0,412,0,0,51,0,0,0,0,0,16
191,0,0,0,0,0,0,0,0,555,0,0,129,0,0,0,0,0,32,2,65,0,2,23,0,414,0,0,51,0,0,0,0,0,16
192,0,0,0,0,0,0,0,0,558,0,0,129,0,0,0,0,0,33,2,65,0,2,23,0,416,0,0,51,0,0,0,0,0,16
193,0,0,0,0,0,0,0,0,561,0,0,129,0,0,0,0,0,33,2,66,0,2,23,0,418,0,0,52,0,0,0,0,0,16
194,0,0,0,0,0,0,0,0,563,0,0,129,0,0,0,0,0,33,2,66,0,2,23,0,419,0,0,53,0,0,0,0,0,16
195,0,0,0,0,0,0,0,0,564,0,0,129,0,0,0,0,0,33,2,66,0,2,23,0,421,0,0,53,0,0,0,0,0,16
196,0,0,0,0,0,0,0,0,565,0,0,129,0,0,0,0,0,34,2,66,0,2,23,0,422,0,0,53,0,0,0,0,0,16
197,0,0,0,0,0,0,0,0,567,0,0,129,0,0,0,0,0,34,2,66,0,2,23,0,426,0,0,53,0,0,0,0,0,16
198,0,0,0,0,0,0,0,0,570,0,0,129,0,0,0,0,0,34,2,67,0,2,23,0,428,0,0,53,0,0,0,0,0,16
199,0,0,0,0,0,0,0,0,575,0,0,129,0,0,0,0,0,35,2,67,0,2,23,0,429,0,0,53,0,0,0,0,0,16
200,0,0,0,0,0,0,0,0,580,0,0,129,0,0,0,0,0,35,2,70,0,2,23,0,432,0,0,53,0,0,0,0,0,16
201,0,0,0,0,0,0,0,0,582,0,0,129,0,0,0,0,0,35,2,70,0,2,23,0,436,0,0,53,0,0,0,0,0,16
202,0,0,0,0,0,0,0,0,585,0,0,129,0,0,0,0,0,35,2,70,0,2,23,0,437,0,0,54,0,0,0,0,0,16
203,0,0,0,0,0,0,0,0,587,0,0,129,0,0,0,0,0,35,2,71,0,2,23,0,440,0,0,54,0,0,0,0,0,16
204,0,0,0,0,0,0,0,0,591,0,0,129,0,0,0,0,0,35,2,73,0,2,23,0,441,0,0,54,0,0,0,0,0,16
205,0,0,0,0,0,0,0,0,593,0,0,129,0,0,0,0,0,36,2,73,0,2,23,0,442,0,0,54,0,0,0,0,0,16
206,0,0,0,0,0,0,0,0,595,0,0,129,0,0,0,0,0,36,2,73,0,2,23,0,445,0,0,54,0,0,0,0,0,16
207,0,0,0,0,0,0,0,0,597,0,0,129,0,0,0,0,0,36,2,74,0,2,23,0,445,0,0,54,0,0,0,0,0,16
208,0,0,0,0,0,0,0,0,600,0,0,129,0,0,0,0,0,36,2,75,0,2,23,0,450,0,0,54,0,0,0,0,0,16
209,0,0,0,0,0,0,0,0,600,0,0,129,0,0,0,0,0,36,2,76,0,2,23,0,451,0,0,54,0,0,0,0,0,16
210,0,0,0,0,0,0,0,0,602,0,0,129,0,0,0,0,0,36,2,76,0,2,23,0,453,0,0,55,0,0,0,0,0,16
211,0,0,0,0,0,0,0,0,603,0,0,129,0,0,0,0,0,37,2,76,0,2,23,0,454,0,0,55,0,0,0,0,0,16
212,0,0,0,0,0,0,0,0,604,0,0,129,0,0,0,0,0,37,2,78,0,2,23,0,459,0,0,55,0,0,0,0,0,16
213,0,0,0,0,0,0,0,0,608,0,0,129,0,0,0,0,0,37,2,79,0,2,23,0,459,0,0,55,0,0,0,0,0,16
214,0,0,0,0,0,0,0,0,608,0,0,129,0,0,0,0,0,38,2,79,0,2,23,0,461,0,0,55,0,0,0,0,0,16
215,0,0,0,0,0,0,0,0,609,0,0,129,0,0,0,0,0,38,2,80,0,2,23,0,465,0,0,55,0,0,0,0,0,16
216,0,0,0,0,0,0,0,0,610,0,0,129,0,0,0,0,0,39,2,80,0,2,23,0,466,0,0,56,0,0,0,0,0,16
217,0,0,0,0,0,0,0,0,613,0,0,129,0,0,0,0,0,39,2,80,0,2,23,0,469,0,0,56,0,0,0,0,0,16
218,0,0,0,0,0,0,0,0,616,0,0,129,0,0,0,0,0,39,2,80,0,2,23,0,471,0,0,56,0,0,0,0,0,16
219,0,0,0,0,0,0,0,0,621,0,0,129,0,0,0,0,0,40,2,81,0,2,23,0,475,0,0,56,0,0,0,0,0,16
220,0,0,0,0,0,0,0,0,624,0,0,129,0,0,0,0,0,41,2,81,0,2,23,0,476,0,0,57,0,0,0,0,0,16
221,0,0,0,0,0,0,0,0,627,0,0,129,0,0,0,0,0,42,2,81,0,2,23,0,479,0,0,57,0,0,0,0,0,16
222,0,0,0,0,0,0,0,0,629,0,0,129,0,0,0,0,0,42,2,81,0,2,23,0,480,0,0,58,0,0,0,0,0,16
223,0,0,0,0,0,0,0,0,633,0,0,129,0,0,0,0,0,42,2,81,0,2,23,0,480,0,0,59,0,0,0,0,0,16
224,0,0,0,0,0,0,0,0,636,0,0,129,0,0,0,0,0,42,2,81,0,2,23,0,482,0,0,59,0,0,0,0,0,16
225,0,0,0,0,0,0,0,0,637,0,0,129,0,0,0,0,0,42,2,81,0,2,23,0,485,0,0,60,0,0,0,0,0,17
226,0,0,0,0,0,0,0,0,638,0,0,129,0,0,0,0,0,43,3,81,0,2,23,0,489,0,0,60,0,0,0,0,0,17
227,0,0,0,0,0,0,0,0,640,0,0,129,0,0,0,0,0,43,3,82,0,2,23,0,491,0,0,60,0,0,0,0,0,17
228,0,0,0,0,0,0,0,0,644,0,0,129,0,0,0,0,0,44,3,83,0,2,23,0,492,0,0,60,0,0,0,0,0,17
229,0,0,0,0,0,0,0,0,646,0,0,129,0,0,0,0,0,45,3,83,0,2,23,0,495,0,0,61,0,0,0,0,0,17
230,0,0,0,0,0,0,0,0,646,0,0,129,0,0,0,0,0,45,3,84,0,2,23,0,497,0,0,61,0,0,0,0,0,17
231,0,0,0,0,0,0,0,0,646,0,0,129,0,0,0,0,0,45,3,85,0,2,23,0,500,0,0,61,0,0,0,0,0,17
232,0,0,0,0,0,0,0,0,648,0,0,129,0,0,0,0,0,45,3,87,0,2,23,0,501,0,0,62,0,0,0,0,0,17
233,0,0,0,0,0,0,0,0,650,0,0,129,0,0,0,0,0,45,3,88,0,2,23,0,502,0,0,63,0,0,0,0,0,18
234,0,0,0,0,0,0,0,0,651,0,0,129,0,0,0,0,0,46,3,89,0,2,23,0,506,0,0,63,0,0,0,0,0,18
235,0,0,0,0,0,0,0,0,654,0,0,129,0,0,0,0,0,48,3,89,0,2,23,0,508,0,0,63,0,0,0,0,0,18
236,0,0,0,0,0,0,0,0,658,0,0,129,0,0,0,0,0,49,3,89,0,2,23,0,511,0,0,63,0,0,0,0,0,18
237,0,0,0,0,0,0,0,0,660,0,0,129,0,0,0,0,0,49,3,90,0,2,23,0,512,0,0,63,0,0,0,0,0,18
238,0,0,0,0,0,0,0,0,663,0,0,129,0,0,0,0,0,50,3,90,0,2,23,0,513,0,0,63,0,0,0,0,0,18
239,0,0,0,0,0,0,0,0,664,0,0,129,0,0,0,0,0,50,3,92,0,2,23,0,515,0,0,63,0,0,0,0,0,18
240,0,0,0,0,0,0,0,0,664,0,0,129,0,0,0,0,0,51,3,93,0,2,23,0,517,0,0,63,0,0,0,0,0,18
241,0,0,0,0,0,0,0,0,667,0,0,129,0,0,0,0,0,51,3,94,0,2,23,0,519,0,0,63,0,0,0,0,0,18
242,0,0,0,0,0,0,0,0,668,0,0,129,0,0,0,0,0,51,3,94,0,2,23,0,521,0,0,63,0,0,0,0,0,18
243,0,0,0,0,0,0,0,0,670,0,0,129,0,0,0,0,0,52,3,94,0,2,23,0,523,0,0,63,0,0,0,0,0,18
244,0,0,0,0,0,0,0,0,672,0,0,129,0,0,0,0,0,52,3,94,0,2,23,0,526,0,0,63,0,0,0,0,0,18
245,0,0,0,0,0,0,0,0,675,0,0,129,0,0,0,0,0,52,3,94,0,2,23,0,529,0,0,63,0,0,0,0,0,18
246,0,0,0,0,0,0,0,0,676,0,0,129,0,0,0,0,0,52,3,94,0,2,23,0,530,0,0,64,0,0,0,0,0,18
247,0,0,0,0,0,0,0,0,678,0,0,129,0,0,0,0,0,54,3,94,0,2,23,0,533,0,0,64,0,0,0,0,0,18
248,0,0,0,0,0,0,0,0,679,0,0,129,0,0,0,0,0,55,3,95,0,2,23,0,535,0,0,64,0,0,0,0,0,18
249,0,0,0,0,0,0,0,0,681,0,0,129,0,0,0,0,0,55,3,96,0,2,23,0,536,0,0,65,0,0,0,0,0,18
250,0,0,0,0,0,0,0,0,683,0,0,129,0,0,0,0,0,56,3,97,0,2,23,0,537,0,0,65,0,0,0,0,0,18
251,0,0,0,0,0,0,0,0,686,0,0,129,0,0,0,0,0,56,3,97,0,2,23,0,539,0,0,65,0,0,0,0,0,18
252,0,0,0,0,0,0,0,0,689,0,0,129,0,0,0,0,0,56,3,97,0,2,23,0,541,0,0,65,0,0,0,0,0,18
253,0,0,0,0,0,0,0,0,690,0,0,129,0,0,0,0,0,56,3,97,0,2,23,0,547,0,0,65,0,0,0,0,0,18
254,0,0,0,0,0,0,0,0,691,0,0,129,0,0,0,0,0,57,3,97,0,2,23,0,548,0,0,65,0,0,0,0,0,18
255,0,0,0,0,0,0,0,0,695,0,0,129,0,0,0,0,0,57,3,97,0,2,23,0,550,0,0,65,0,0,0,0,0,18
256,0,0,0,0,0,0,0,0,699,0,0,129,0,0,0,0,0,57,3,97,0,2,23,0,551,0,0,65,0,0,0,0,0,18
257,0,0,0,0,0,0,0,0,701,0,0,129,0,0,0,0,0,57,3,97,0,2,23,0,555,0,0,65,0,0,0,0,0,18
258,0,0,0,0,0,0,0,0,704,0,0,129,0,0,0,0,0,57,3,97,0,2,23,0,558,0,0,65,0,0,0,0,0,18
259,0,0,0,0,0,0,0,0,705,0,0,129,0,0,0,0,0,57,3,97,0,2,23,0,562,0,0,65,0,0,0,0,0,18
260,0,0,0,0,0,0,0,0,708,0,0,129,0,0,0,0,0,58,3,97,0,2,23,0,563,0,0,65,0,0,0,0,0,18
261,0,0,0,0,0,0,0,0,708,0,0,129,0,0,0,0,0,58,3,98,0,2,23,0,565,0,0,65,0,0,0,0,0,18
262,0,0,0,0,0,0,0,0,711,0,0,129,0,0,0,0,0,58,3,98,0,2,23,0,569,0,0,65,0,0,0,0,0,18
263,0,0,0,0,0,0,0,0,712,0,0,129,0,0,0,0,0,58,3,99,0,2,23,0,574,0,0,66,0,0,0,0,0,18
264,0,0,0,0,0,0,0,0,714,0,0,129,0,0,0,0,0,59,3,99,0,2,23,0,576,0,0,66,0,0,0,0,0,18
265,0,0,0,0,0,0,0,0,716,0,0,129,0,0,0,0,0,59,3,100,0,2,23,0,578,0,0,66,0,0,0,0,0,18
266,0,0,0,0,0,0,0,0,718,0,0,129,0,0,0,0,0,59,3,101,0,2,23,0,582,0,0,67,0,0,0,0,0,18
267,0,0,0,0,0,0,0,0,720,0,0,129,0,0,0,0,0,60,3,101,0,2,23,0,587,0,0,67,0,0,0,0,0,18
268,0,0,0,0,0,0,0,0,721,0,0,129,0,0,0,0,0,61,3,101,0,2,23,0,588,0,0,67,0,0,0,0,0,18
269,0,0,0,0,0,0,0,0,724,0,0,129,0,0,0,0,0,62,3,103,0,2,23,0,589,0,0,67,0,0,0,0,0,18
270,0,0,0,0,0,0,0,0,726,0,0,129,0,0,0,0,0,62,3,104,0,2,23,0,592,0,0,67,0,0,0,0,0,18
271,0,0,0,0,0,0,0,0,726,0,0,129,0,0,0,0,0,62,3,106,0,2,23,0,593,0,0,67,0,0,0,0,0,18
272,0,0,0,0,0,0,0,0,728,0,0,129,0,0,0,0,0,62,3,107,0,2,23,0,593,0,0,67,0,0,0,0,0,18
273,0,0,0,0,0,0,0,0,729,0,0,129,0,0,0,0,0,62,3,107,0,2,23,0,597,0,0,67,0,0,0,0,0,18
274,0,0,0,0,0,0,0,0,730,0,0,129,0,0,0,0,0,62,3,108,0,2,23,0,602,0,0,67,0,0,0,0,0,19
275,0,0,0,0,0,0,0,0,734,0,0,129,0,0,0,0,0,62,3,109,0,2,23,0,604,0,0,67,0,0,0,0,0,19
276,0,0,0,0,0,0,0,0,736,0,0,129,0,0,0,0,0,62,3,109,0,2,23,0,607,0,0,67,0,0,0,0,0,19
277,0,0,0,0,0,0,0,0,738,0,0,129,0,0,0,0,0,62,3,109,0,2,23,0,609,0,0,67,0,0,0,0,0,19
278,0,0,0,0,0,0,0,0,741,0,0,129,0,0,0,0,0,62,4,109,0,2,23,0,611,0,0,67,0,0,0,0,0,20
279,0,0,0,0,0,0,0,0,745,0,0,129,0,0,0,0,0,62,4,109,0,2,23,0,613,0,0,67,0,0,0,0,0,20
280,0,0,0,0,0,0,0,0,746,0,0,129,0,0,0,0,0,62,4,109,0,2,23,0,618,0,0,67,0,0,0,0,0,20
281,0,0,0,0,0,0,0,0,748,0,0,129,0,0,0,0,0,62,4,109,0,2,23,0,621,0,0,67,0,0,0,0,0,20
282,0,0,0,0,0,0,0,0,750,0,0,129,0,0,0,0,0,62,4,110,0,2,23,0,622,0,0,67,0,0,0,0,0,20
283,0,0,0,0,0,0,0,0,751,0,0,129,0,0,0,0,0,62,4,111,0,2,23,0,625,0,0,68,0,0,0,0,0,20
284,0,0,0,0,0,0,0,0,755,0,0,129,0,0,0,0,0,63,4,112,0,2,23,0,625,0,0,68,0,0,0,0,0,20
285,0,0,0,0,0,0,0,0,759,0,0,129,0,0,0,0,0,63,4,112,0,2,23,0,626,0,0,68,0,0,0,0,0,20
286,0,0,0,0,0,0,0,0,762,0,0,129,0,0,0,0,0,64,4,112,0,2,23,0,630,0,0,68,0,0,0,0,0,20
287,0,0,0,0,0,0,0,0,766,0,0,129,0,0,0,0,0,64,4,112,0,2,23,0,633,0,0,68,0,0,0,0,0,20
288,0,0,0,0,0,0,0,0,770,0,0,129,0,0,0,0,0,64,4,112,0,2,23,0,634,0,0,68,0,0,0,0,0,20
289,0,0,0,0,0,0,0,0,771,0,0,129,0,0,0,0,0,64,4,112,0,2,23,0,638,0,0,68,0,0,0,0,0,20
290,0,0,0,0,0,0,0,0,774,0,0,129,0,0,0,0,0,64,4,114,0,2,23,0,640,0,0,69,0,0,0,0,0,21
291,0,0,0,0,0,0,0,0,776,0,0,129,0,0,0,0,0,65,4,115,0,2,23,0,644,0,0,69,0,0,0,0,0,21
292,0,0,0,0,0,0,0,0,776,0,0,129,0,0,0,0,0,66,4,116,0,2,23,0,645,0,0,69,0,0,0,0,0,21
293,0,0,0,0,0,0,0,0,779,0,0,129,0,0,0,0,0,66,4,116,0,2,23,0,648,0,0,69,0,0,0,0,0,21
294,0,0,0,0,0,0,0,0,783,0,0,129,0,0,0,0,0,66,4,118,0,2,23,0,649,0,0,69,0,0,0,0,0,21
295,0,0,0,0,0,0,0,0,785,0,0,129,0,0,0,0,0,67,4,118,0,2,23,0,651,0,0,69,0,0,0,0,0,21
296,0,0,0,0,0,0,0,0,789,0,0,129,0,0,0,0,0,67,4,118,0,2,23,0,654,0,0,69,0,0,0,0,0,21
297,0,0,0,0,0,0,0,0,790,0,0,129,0,0,0,0,0,67,4,118,0,2,23,0,656,0,0,70,0,0,0,0,0,21
298,0,0,0,0,0,0,0,0,794,0,0,129,0,0,0,0,0,67,4,119,0,2,23,0,660,0,0,70,0,0,0,0,0,21
299,0,0,0,0,0,0,0,0,799,0,0,129,0,0,0,0,0,67,4,120,0,2,23,0,664,0,0,70,0,0,0,0,0,21
300,0,0,0,0,0,0,0,0,802,0,0,129,0,0,0,0,0,67,4,120,0,2,23,0,665,0,0,70,0,0,0,0,0,21
301,0,0,0,0,0,0,0,0,804,0,0,129,0,0,0,0,0,68,4,120,0,2,23,0,665,0,0,70,0,0,0,0,0,21
302,0,0,0,0,0,0,0,0,805,0,0,129,0,0,0,0,0,68,4,121,0,2,23,0,670,0,0,70,0,0,0,0,0,21
303,0,0,0,0,0,0,0,0,808,0,0,129,0,0,0,0,0,68,4,122,0,2,23,0,671,0,0,70,0,0,0,0,0,21
304,0,0,0,0,0,0,0,0,809,0,0,129,0,0,0,0,0,68,4,123,0,2,23,0,675,0,0,70,0,0,0,0,0,21
305,0,0,0,0,0,0,0,0,810,0,0,129,0,0,0,0,0,68,4,125,0,2,23,0,678,0,0,70,0,0,0,0,0,21
306,0,0,0,0,0,0,0,0,812,0,0,129,0,0,0,0,0,68,4,126,0,2,23,0,679,0,0,70,0,0,0,0,0,21
307,0,0,0,0,0,0,0,0,813,0,0,129,0,0,0,0,0,70,4,126,0,2,23,0,681,0,0,70,0,0,0,0,0,21
308,0,0,0,0,0,0,0,0,816,0,0,129,0,0,0,0,0,70,4,126,0,2,23,0,684,0,0,70,0,0,0,0,0,21
309,0,0,0,0,0,0,0,0,817,0,0,129,0,0,0,0,0,71,4,126,0,2,23,0,690,0,0,70,0,0,0,0,0,21
310,0,0,0,0,0,0,0,0,818,0,0,129,0,0,0,0,0,71,4,127,0,2,23,0,693,0,0,70,0,0,0,0,0,21
311,0,0,0,0,0,0,0,0,821,0,0,129,0,0,0,0,0,71,4,127,0,2,23,0,696,0,0,70,0,0,0,0,0,21
312,0,0,0,0,0,0,0,0,824,0,0,129,0,0,0,0,0,72,4,127,0,2,23,0,696,0,0,70,0,0,0,0,0,21
313,0,0,0,0,0,0,0,0,829,0,0,129,0,0,0,0,0,73,4,128,0,2,23,0,697,0,0,70,0,0,0,0,0,21
314,0,0,0,0,0,0,0,0,830,0,0,129,0,0,0,0,0,73,4,129,0,2,23,0,698,0,0,70,0,0,0,0,0,21
315,0,0,0,0,0,0,0,0,830,0,0,129,0,0,0,0,0,73,4,129,0,2,23,0,701,0,0,70,0,0,0,0,0,21
316,0,0,0,0,0,0,0,0,832,0,0,129,0,0,0,0,0,73,4,129,0,2,23,0,702,0,0,71,0,0,0,0,0,21
317,0,0,0,0,0,0,0,0,833,0,0,129,0,0,0,0,0,73,4,129,0,2,23,0,705,0,0,71,0,0,0,0,0,21
318,0,0,0,0,0,0,0,0,836,0,0,129,0,0,0,0,0,73,4,130,0,2,23,0,706,0,0,71,0,0,0,0,0,21
319,0,0,0,0,0,0,0,0,838,0,0,129,0,0,0,0,0,73,4,131,0,2,23,0,707,0,0,71,0,0,0,0,0,21
320,0,0,0,0,0,0,0,0,839,0,0,129,0,0,0,0,0,73,4,131,0,2,23,0,711,0,0,71,0,0,0,0,0,21
321,0,0,0,0,0,0,0,0,840,0,0,129,0,0,0,0,0,74,4,131,0,2,23,0,712,0,0,72,0,0,0,0,0,21
322,0,0,0,0,0,0,0,0,844,0,0,129,0,0,0,0,0,74,4,131,0,2,23,0,712,0,0,73,0,0,0,0,0,21
323,0,0,0,0,0,0,0,0,846,0,0,129,0,0,0,0,0,74,4,131,0,2,23,0,712,0,0,73,0,0,0,0,0,21
324,0,0,0,0,0,0,0,0,850,0,0,129,0,0,0,0,0,74,4,131,0,2,23,0,715,0,0,73,0,0,0,0,0,21
325,0,0,0,0,0,0,0,0,852,0,0,129,0,0,0,0,0,75,4,131,0,2,23,0,720,0,0,73,0,0,0,0,0,21
326,0,0,0,0,0,0,0,0,856,0,0,129,0,0,0,0,0,75,4,132,0,2,23,0,721,0,0,73,0,0,0,0,0,21
327,0,0,0,0,0,0,0,0,861,0,0,129,0,0,0,0,0,75,4,132,0,2,23,0,723,0,0,73,0,0,0,0,0,21
328,0,0,0,0,0,0,0,0,864,0,0,129,0,0,0,0,0,77,4,132,0,2,23,0,724,0,0,73,0,0,0,0,0,21
329,0,0,0,0,0,0,0,0,867,0,0,129,0,0,0,0,0,77,4,133,0,2,23,0,725,0,0,73,0,0,0,0,0,21
330,0,0,0,0,0,0,0,0,868,0,0,129,0,0,0,0,0,77,4,133,0,2,23,0,727,0,0,74,0,0,0,0,0,21
331,0,0,0,0,0,0,0,0,869,0,0,129,0,0,0,0,0,77,4,134,0,2,23,0,729,0,0,74,0,0,0,0,0,21
332,0,0,0,0,0,0,0,0,871,0,0,129,0,0,0,0,0,77,4,134,0,2,23,0,731,0,0,74,0,0,0,0,0,21
333,0,0,0,0,0,0,0,0,873,0,0,129,0,0,0,0,0,77,4,134,0,2,23,0,735,0,0,75,0,0,0,0,0,21
334,0,0,0,0,0,0,0,0,875,0,0,129,0,0,0,0,0,77,4,134,0,2,23,0,736,0,0,75,0,0,0,0,0,21
335,0,0,0,0,0,0,0,0,876,0,0,129,0,0,0,0,0,77,4,135,0,2,23,0,739,0,0,75,0,0,0,0,0,21
336,0,0,0,0,0,0,0,0,880,0,0,129,0,0,0,0,0,78,4,135,0,2,23,0,739,0,0,75,0,0,0,0,0,21
337,0,0,0,0,0,0,0,0,882,0,0,129,0,0,0,0,0,78,4,135,0,2,23,0,743,0,0,75,0,0,0,0,0,21
338,0,0,0,0,0,0,0,0,884,0,0,129,0,0,0,0,0,79,4,135,0,2,23,0,744,0,0,75,0,0,0,0,0,21
339,0,0,0,0,0,0,0,0,885,0,0,129,0,0,0,0,0,80,4,136,0,2,23,0,748,0,0,75,0,0,0,0,0,21
340,0,0,0,0,0,0,0,0,886,0,0,129,0,0,0,0,0,81,4,136,0,2,23,0,749,0,0,75,0,0,0,0,0,21
341,0,0,0,0,0,0,0,0,888,0,0,129,0,0,0,0,0,81,4,136,0,2,23,0,752,0,0,75,0,0,0,0,0,21
342,0,0,0,0,0,0,0,0,888,0,0,129,0,0,0,0,0,81,4,136,0,2,23,0,752,0,0,77,0,0,0,0,0,21
343,0,0,0,0,0,0,0,0,891,0,0,129,0,0,0,0,0,81,4,136,0,2,23,0,756,0,0,77,0,0,0,0,0,21
344,0,0,0,0,0,0,0,0,892,0,0,129,0,0,0,0,0,81,4,137,0,2,23,0,757,0,0,77,0,0,0,0,0,21
345,0,0,0,0,0,0,0,0,896,0,0,129,0,0,0,0,0,82,4,137,0,2,23,0,759,0,0,77,0,0,0,0,0,21
346,0,0,0,0,0,0,0,0,898,0,0,129,0,0,0,0,0,82,4,138,0,2,23,0,760,0,0,77,0,0,0,0,0,21
347,0,0,0,0,0,0,0,0,902,0,0,129,0,0,0,0,0,82,4,138,0,2,23,0,765,0,0,77,0,0,0,0,0,21
348,0,0,0,0,0,0,0,0,905,0,0,129,0,0,0,0,0,82,4,139,0,2,23,0,767,0,0,78,0,0,0,0,0,21
349,0,0,0,0,0,0,0,0,906,0,0,129,0,0,0,0,0,82,4,141,0,2,23,0,769,0,0,79,0,0,0,0,0,21
350,0,0,0,0,0,0,0,0,907,0,0,129,0,0,0,0,0,82,4,141,0,2,23,0,773,0,0,79,0,0,0,0,0,21
351,0,0,0,0,0,0,0,0,910,0,0,129,0,0,0,0,0,83,4,141,0,2,23,0,776,0,0,79,0,0,0,0,0,21
352,0,0,0,0,0,0,0,0,914,0,0,129,0,0,0,0,0,83,4,141,0,2,23,0,778,0,0,79,0,0,0,0,0,21
353,0,0,0,0,0,0,0,0,914,0,0,129,0,0,0,0,0,83,4,141,0,2,23,0,780,0,0,79,0,0,0,0,0,21
354,0,0,0,0,0,0,0,0,915,0,0,129,0,0,0,0,0,83,4,142,0,2,23,0,781,0,0,79,0,0,0,0,0,21
355,0,0,0,0,0,0,0,0,918,0,0,129,0,0,0,0,0,83,4,142,0,2,23,0,786,0,0,80,0,0,0,0,0,21
356,0,0,0,0,0,0,0,0,920,0,0,129,0,0,0,0,0,83,4,142,0,2,23,0,787,0,0,81,0,0,0,0,0,21
357,0,0,0,0,0,0,0,0,922,0,0,129,0,0,0,0,0,83,4,143,0,2,23,0,790,0,0,81,0,0,0,0,0,21
358,0,0,0,0,0,0,0,0,924,0,0,129,0,0,0,0,0,84,4,143,0,2,23,0,791,0,0,81,0,0,0,0,0,21
359,0,0,0,0,0,0,0,0,926,0,0,129,0,0,0,0,0,85,4,144,0,2,23,0,791,0,0,81,0,0,0,0,0,21
360,0,0,0,0,0,0,0,0,928,0,0,129,0,0,0,0,0,85,4,144,0,2,23,0,793,0,0,81,0,0,0,0,0,21
361,0,0,0,0,0,0,0,0,930,0,0,129,0,0,0,0,0,85,4,145,0,2,23,0,795,0,0,81,0,0,0,0,0,21
362,0,0,0,0,0,0,0,0,931,0,0,129,0,0,0,0,0,86,4,145,0,2,23,0,796,0,0,81,0,0,0,0,0,21
363,0,0,0,0,0,0,0,0,935,0,0,129,0,0,0,0,0,86,4,145,0,2,23,0,798,0,0,81,0,0,0,0,0,21
364,0,0,0,0,0,0,0,0,938,0,0,129,0,0,0,0,0,86,4,145,0,2,23,0,800,0,0,81,0,0,0,0,0,21
365,0,0,0,0,0,0,0,0,942,0,0,129,0,0,0,0,0,87,4,145,0,2,23,0,802,0,0,81,0,0,0,0,0,21
366,0,0,0,0,0,0,0,0,944,0,0,129,0,0,0,0,0,87,4,145,0,2,23,0,807,0,0,82,0,0,0,0,0,21
367,0,0,0,0,0,0,0,0,948,0,0,129,0,0,0,0,0,87,4,145,0,2,23,0,811,0,0,82,0,0,0,0,0,21
368,0,0,0,0,0,0,0,0,950,0,0,129,0,0,0,0,0,88,4,146,0,2,23,0,812,0,0,82,0,0,0,0,0,21
369,0,0,0,0,0,0,0,0,953,0,0,129,0,0,0,0,0,88,4,146,0,2,23,0,814,0,0,82,0,0,0,0,0,21
370,0,0,0,0,0,0,0,0,954,0,0,129,0,0,0,0,0,89,4,147,0,2,23,0,816,0,0,82,0,0,0,0,0,21
371,0,0,0,0,0,0,0,0,954,0,0,129,0,0,0,0,0,89,4,147,0,2,23,0,818,0,0,82,0,0,0,0,0,21
372,0,0,0,0,0,0,0,0,956,0,0,129,0,0,0,0,0,89,4,147,0,2,23,0,819,0,0,83,0,0,0,0,0,21
373,0,0,0,0,0,0,0,0,961,0,0,129,0,0,0,0,0,89,4,147,0,2,23,0,823,0,0,83,0,0,0,0,0,21
374,0,0,0,0,0,0,0,0,963,0,0,129,0,0,0,0,0,90,4,147,0,2,23,0,825,0,0,83,0,0,0,0,0,21
375,0,0,0,0,0,0,0,0,964,0,0,129,0,0,0,0,0,90,4,147,0,2,23,0,828,0,0,83,0,0,0,0,0,21
376,0,0,0,0,0,0,0,0,969,0,0,129,0,0,0,0,0,90,4,147,0,2,23,0,830,0,0,83,0,0,0,0,0,21
377,0,0,0,0,0,0,0,0,969,0,0,129,0,0,0,0,0,90,4,147,0,2,23,0,833,0,0,83,0,0,0,0,0,21
378,0,0,0,0,0,0,0,0,971,0,0,129,0,0,0,0,0,90,4,149,0,2,23,0,835,0,0,83,0,0,0,0,0,21
379,0,0,0,0,0,0,0,0,974,0,0,129,0,0,0,0,0,90,4,149,0,2,23,0,838,0,0,83,0,0,0,0,0,21
380,0,0,0,0,0,0,0,0,976,0,0,129,0,0,0,0,0,91,4,149,0,2,23,0,838,0,0,83,0,0,0,0,0,22
381,0,0,0,0,0,0,0,0,978,0,0,129,0,0,0,0,0,91,4,149,0,2,23,0,839,0,0,84,0,0,0,0,0,22
382,0,0,0,0,0,0,0,0,981,0,0,129,0,0,0,0,0,91,4,150,0,2,23,0,840,0,0,84,0,0,0,0,0,22
383,0,0,0,0,0,0,0,0,982,0,0,129,0,0,0,0,0,91,4,150,0,2,23,0,842,0,0,84,0,0,0,0,0,22
384,0,0,0,0,0,0,0,0,984,0,0,129,0,0,0,0,0,91,4,150,0,2,23,0,842,0,0,84,0,0,0,0,0,22
385,0,0,0,0,0,0,0,0,986,0,0,129,0,0,0,0,0,91,4,150,0,2,23,0,845,0,0,84,0,0,0,0,0,22
386,0,0,0,0,0,0,0,0,986,0,0,129,0,0,0,0,0,91,4,151,0,2,23,0,848,0,0,84,0,0,0,0,0,22
387,0,0,0,0,0,0,0,0,991,0,0,129,0,0,0,0,0,91,4,151,0,2,23,0,851,0,0,84,0,0,0,0,0,22
388,0,0,0,0,0,0,0,0,993,0,0,129,0,0,0,0,0,91,4,151,0,2,23,0,854,0,0,84,0,0,0,0,0,22
389,0,0,0,0,0,0,0,0,995,0,0,129,0,0,0,0,0,91,4,152,0,2,23,0,855,0,0,84,0,0,0,0,0,22
390,0,0,0,0,0,0,0,0,997,0,0,129,0,0,0,0,0,91,4,153,0,2,23,0,859,0,0,84,0,0,0,0,0,23
391,0,0,0,0,0,0,0,0,998,0,0,129,0,0,0,0,0,93,4,153,0,2,23,0,860,0,0,84,0,0,0,0,0,23
392,0,0,0,0,0,0,0,0,998,0,0,129,0,0,0,0,0,93,4,153,0,2,23,0,864,0,0,85,0,0,0,0,0,23
393,0,0,0,0,0,0,0,0,1001,0,0,129,0,0,0,0,0,93,4,153,0,2,23,0,866,0,0,85,0,0,0,0,0,23
394,0,0,0,0,0,0,0,0,1004,0,0,129,0,0,0,0,0,93,4,153,0,2,23,0,867,0,0,85,0,0,0,0,0,23
395,0,0,0,0,0,0,0,0,1007,0,0,129,0,0,0,0,0,95,4,153,0,2,23,0,868,0,0,85,0,0,0,0,0,23
396,0,0,0,0,0,0,0,0,1011,0,0,129,0,0,0,0,0,97,4,153,0,2,23,0,871,0,0,85,0,0,0,0,0,23
397,0,0,0,0,0,0,0,0,1013,0,0,129,0,0,0,0,0,97,4,154,0,2,23,0,873,0,0,85,0,0,0,0,0,23
398,0,0,0,0,0,0,0,0,1015,0,0,129,0,0,0,0,0,97,4,154,0,2,23,0,873,0,0,85,0,0,0,0,0,23
399,0,0,0,0,0,0,0,0,1020,0,0,129,0,0,0,0,0,98,4,154,0,2,23,0,874,0,0,86,0,0,0,0,0,23
400,0,0,0,0,0,0,0,0,1022,0,0,129,0,0,0,0,0,98,4,156,0,2,23,0,876,0,0,86,0,0,0,0,0,23
401,0,0,0,0,0,0,0,0,1023,0,0,129,0,0,0,0,0,98,4,157,0,2,23,0,878,0,0,86,0,0,0,0,0,23
402,0,0,0,0,0,0,0,0,1025,0,0,129,0,0,0,0,0,98,4,158,0,2,23,0,880,0,0,86,0,0,0,0,0,23
403,0,0,0,0,0,0,0,0,1027,0,0,129,0,0,0,0,0,98,4,158,0,2,23,0,881,0,0,86,0,0,0,0,0,23
404,0,0,0,0,0,0,0,0,1029,0,0,129,0,0,0,0,0,98,4,159,0,2,23,0,886,0,0,86,0,0,0,0,0,23
405,0,0,0,0,0,0,0,0,1030,0,0,129,0,0,0,0,0,98,4,159,0,2,23,0,887,0,0,86,0,0,0,0,0,23
406,0,0,0,0,0,0,0,0,1031,0,0,129,0,0,0,0,0,98,4,159,0,2,23,0,888,0,0,86,0,0,0,0,0,23
407,0,0,0,0,0,0,0,0,1032,0,0,129,0,0,0,0,0,99,4,159,0,2,23,0,890,0,0,86,0,0,0,0,0,23
408,0,0,0,0,0,0,0,0,1034,0,0,129,0,0,0,0,0,99,4,161,0,2,23,0,890,0,0,87,0,0,0,0,0,23
409,0,0,0,0,0,0,0,0,1036,0,0,129,0,0,0,0,0,100,4,162,0,2,23,0,892,0,0,87,0,0,0,0,0,23
410,0,0,0,0,0,0,0,0,1039,0,0,129,0,0,0,0,0,100,4,162,0,2,23,0,893,0,0,87,0,0,0,0,0,23
411,0,0,0,0,0,0,0,0,1042,0,0,129,0,0,0,0,0,101,4,163,0,2,23,0,895,0,0,87,0,0,0,0,0,23
412,0,0,0,0,0,0,0,0,1048,0,0,129,0,0,0,0,0,101,4,163,0,2,23,0,896,0,0,87,0,0,0,0,0,23
413,0,0,0,0,0,0,0,0,1050,0,0,129,0,0,0,0,0,101,4,163,0,2,23,0,899,0,0,87,0,0,0,0,0,23
414,0,0,0,0,0,0,0,0,1053,0,0,129,0,0,0,0,0,101,4,164,0,2,23,0,900,0,0,87,0,0,0,0,0,23
415,0,0,0,0,0,0,0,0,1053,0,0,129,0,0,0,0,0,101,4,164,0,2,23,0,901,0,0,87,0,0,0,0,0,23
416,0,0,0,0,0,0,0,0,1053,0,0,129,0,0,0,0,0,101,4,164,0,2,23,0,903,0,0,87,0,0,0,0,0,23
417,0,0,0,0,0,0,0,0,1056,0,0,129,0,0,0,0,0,101,4,164,0,2,23,0,905,0,0,87,0,0,0,0,0,23
418,0,0,0,0,0,0,0,0,1056,0,0,129,0,0,0,0,0,101,4,165,0,2,23,0,907,0,0,87,0,0,0,0,0,23
419,0,0,0,0,0,0,0,0,1059,0,0,129,0,0,0,0,0,101,4,165,0,2,23,0,911,0,0,87,0,0,0,0,0,23
420,0,0,0,0,0,0,0,0,1061,0,0,129,0,0,0,0,0,101,4,166,0,2,23,0,913,0,0,87,0,0,0,0,0,23
421,0,0,0,0,0,0,0,0,1064,0,0,129,0,0,0,0,0,101,4,166,0,2,23,0,913,0,0,87,0,0,0,0,0,23
422,0,0,0,0,0,0,0,0,1066,0,0,129,0,0,0,0,0,101,4,166,0,2,23,0,915,0,0,87,0,0,0,0,0,23
423,0,0,0,0,0,0,0,0,1066,0,0,129,0,0,0,0,0,101,4,168,0,2,23,0,918,0,0,87,0,0,0,0,0,23
424,0,0,0,0,0,0,0,0,1067,0,0,129,0,0,0,0,0,101,4,168,0,2,23,0,923,0,0,87,0,0,0,0,0,23
425,0,0,0,0,0,0,0,0,1070,0,0,129,0,0,0,0,0,103,4,170,0,2,23,0,924,0,0,87,0,0,0,0,0,23
426,0,0,0,0,0,0,0,0,1070,0,0,129,0,0,0,0,0,103,4,170,0,2,23,0,925,0,0,87,0,0,0,0,0,23
427,0,0,0,0,0,0,0,0,1073,0,0,129,0,0,0,0,0,103,4,170,0,2,23,0,928,0,0,87,0,0,0,0,0,23
428,0,0,0,0,0,0,0,0,1074,0,0,129,0,0,0,0,0,103,4,170,0,2,23,0,929,0,0,87,0,0,0,0,0,23
429,0,0,0,0,0,0,0,0,1075,0,0,129,0,0,0,0,0,103,4,170,0,2,23,0,932,0,0,87,0,0,0,0,0,23
430,0,0,0,0,0,0,0,0,1078,0,0,129,0,0,0,0,0,103,4,170,0,2,23,0,935,0,0,89,0,0,0,0,0,23
431,0,0,0,0,0,0,0,0,1078,0,0,129,0,0,0,0,0,105,4,170,0,2,23,0,938,0,0,89,0,0,0,0,0,23
432,0,0,0,0,0,0,0,0,1079,0,0,129,0,0,0,0,0,105,4,170,0,2,23,0,941,0,0,89,0,0,0,0,0,23
433,0,0,0,0,0,0,0,0,1080,0,0,129,0,0,0,0,0,105,4,170,0,2,23,0,944,0,0,90,0,0,0,0,0,23
434,0,0,0,0,0,0,0,0,1082,0,0,129,0,0,0,0,0,106,4,170,0,2,23,0,946,0,0,90,0,0,0,0,0,23
435,0,0,0,0,0,0,0,0,1084,0,0,129,0,0,0,0,0,107,4,170,0,2,23,0,947,0,0,90,0,0,0,0,0,23
436,0,0,0,0,0,0,0,0,1086,0,0,129,0,0,0,0,0,107,4,170,0,2,23,0,954,0,0,90,0,0,0,0,0,23
437,0,0,0,0,0,0,0,0,1089,0,0,129,0,0,0,0,0,107,4,171,0,2,23,0,959,0,0,90,0,0,0,0,0,23
438,0,0,0,0,0,0,0,0,1089,0,0,129,0,0,0,0,0,107,4,171,0,2,23,0,963,0,0,90,0,0,0,0,0,23
439,0,0,0,0,0,0,0,0,1092,0,0,129,0,0,0,0,0,107,4,171,0,2,23,0,965,0,0,90,0,0,0,0,0,23
440,0,0,0,0,0,0,0,0,1095,0,0,129,0,0,0,0,0,108,4,171,0,2,23,0,968,0,0,91,0,0,0,0,0,23
441,0,0,0,0,0,0,0,0,1097,0,0,129,0,0,0,0,0,108,4,172,0,2,23,0,970,0,0,92,0,0,0,0,0,23
442,0,0,0,0,0,0,0,0,1100,0,0,129,0,0,0,0,0,109,4,173,0,2,23,0,970,0,0,92,0,0,0,0,0,23
443,0,0,0,0,0,0,0,0,1103,0,0,129,0,0,0,0,0,110,4,174,0,2,23,0,973,0,0,92,0,0,0,0,0,23
444,0,0,0,0,0,0,0,0,1104,0,0,129,0,0,0,0,0,110,4,174,0,2,23,0,976,0,0,92,0,0,0,0,0,23
445,0,0,0,0,0,0,0,0,1105,0,0,129,0,0,0,0,0,111,4,174,0,2,23,0,978,0,0,92,0,0,0,0,0,23
446,0,0,0,0,0,0,0,0,1109,0,0,129,0,0,0,0,0,111,4,174,0,2,23,0,980,0,0,92,0,0,0,0,0,23
447,0,0,0,0,0,0,0,0,1111,0,0,129,0,0,0,0,0,111,4,175,0,2,23,0,983,0,0,92,0,0,0,0,0,23
448,0,0,0,0,0,0,0,0,1113,0,0,129,0,0,0,0,0,113,4,175,0,2,23,0,986,0,0,92,0,0,0,0,0,23
449,0,0,0,0,0,0,0,0,1115,0,0,129,0,0,0,0,0,113,4,175,0,2,23,0,987,0,0,92,0,0,0,0,0,23
450,0,0,0,0,0,0,0,0,1116,0,0,129,0,0,0,0,0,113,4,176,0,2,23,0,987,0,0,92,0,0,0,0,0,23
451,0,0,0,0,0,0,0,0,1118,0,0,129,0,0,0,0,0,113,4,176,0,2,23,0,991,0,0,92,0,0,0,0,0,23
452,0,0,0,0,0,0,0,0,1118,0,0,129,0,0,0,0,0,113,4,176,0,2,23,0,991,0,0,93,0,0,0,0,0,23
453,0,0,0,0,0,0,0,0,1119,0,0,129,0,0,0,0,0,114,4,176,0,2,23,0,992,0,0,93,0,0,0,0,0,23
454,0,0,0,0,0,0,0,0,1124,0,0,129,0,0,0,0,0,115,4,176,0,2,23,0,996,0,0,93,0,0,0,0,0,23
455,0,0,0,0,0,0,0,0,1128,0,0,129,0,0,0,0,0,115,4,176,0,2,23,0,997,0,0,93,0,0,0,0,0,23
456,0,0,0,0,0,0,0,0,1130,0,0,129,0,0,0,0,0,116,4,176,0,2,23,0,1000,0,0,93,0,0,0,0,0,23
457,0,0,0,0,0,0,0,0,1130,0,0,129,0,0,0,0,0,117,4,176,0,2,23,0,1001,0,0,93,0,0,0,0,0,23
458,0,0,0,0,0,0,0,0,1131,0,0,129,0,0,0,0,0,117,4,176,0,2,23,0,1002,0,0,93,0,0,0,0,0,23
459,0,0,0,0,0,0,0,0,1133,0,0,129,0,0,0,0,0,118,4,176,0,2,23,0,1003,0,0,93,0,0,0,0,0,23
460,0,0,0,0,0,0,0,0,1134,0,0,129,0,0,0,0,0,118,4,177,0,2,23,0,1006,0,0,93,0,0,0,0,0,24
461,0,0,0,0,0,0,0,0,1139,0,0,129,0,0,0,0,0,118,4,177,0,2,23,0,1008,0,0,93,0,0,0,0,0,24
462,0,0,0,0,0,0,0,0,1139,0,0,129,0,0,0,0,0,118,4,177,0,2,23,0,1010,0,0,93,0,0,0,0,0,24
463,0,0,0,0,0,0,0,0,1140,0,0,129,0,0,0,0,0,119,4,177,0,2,23,0,1012,0,0,93,0,0,0,0,0,24
464,0,0,0,0,0,0,0,0,1143,0,0,129,0,0,0,0,0,119,4,177,0,2,23,0,1012,0,0,93,0,0,0,0,0,24
465,0,0,0,0,0,0,0,0,1146,0,0,129,0,0,0,0,0,119,4,178,0,2,23,0,1014,0,0,93,0,0,0,0,0,24
466,0,0,0,0,0,0,0,0,1148,0,0,129,0,0,0,0,0,119,4,178,0,2,23,0,1014,0,0,93,0,0,0,0,0,24
467,0,0,0,0,0,0,0,0,1150,0,0,129,0,0,0,0,0,120,4,179,0,2,23,0,1015,0,0,93,0,0,0,0,0,24
468,0,0,0,0,0,0,0,0,1151,0,0,129,0,0,0,0,0,120,4,179,0,2,23,0,1017,0,0,93,0,0,0,0,0,24
469,0,0,0,0,0,0,0,0,1152,0,0,129,0,0,0,0,0,120,4,180,0,2,23,0,1021,0,0,93,0,0,0,0,0,24
470,0,0,0,0,0,0,0,0,1153,0,0,129,0,0,0,0,0,120,4,180,0,2,23,0,1022,0,0,94,0,0,0,0,0,24
471,0,0,0,0,0,0,0,0,1154,0,0,129,0,0,0,0,0,120,4,180,0,2,23,0,1023,0,0,94,0,0,0,0,0,24
472,0,0,0,0,0,0,0,0,1157,0,0,129,0,0,0,0,0,120,4,180,0,2,23,0,1029,0,0,94,0,0,0,0,0,24
473,0,0,0,0,0,0,0,0,1160,0,0,129,0,0,0,0,0,120,4,180,0,2,23,0,1033,0,0,94,0,0,0,0,0,24
474,0,0,0,0,0,0,0,0,1161,0,0,129,0,0,0,0,0,121,4,181,0,2,23,0,1037,0,0,94,0,0,0,0,0,25
475,0,0,0,0,0,0,0,0,1162,0,0,129,0,0,0,0,0,121,5,181,0,2,23,0,1039,0,0,94,0,0,0,0,0,25
476,0,0,0,0,0,0,0,0,1163,0,0,129,0,0,0,0,0,123,5,181,0,2,23,0,1042,0,0,94,0,0,0,0,0,25
477,0,0,0,0,0,0,0,0,1165,0,0,129,0,0,0,0,0,123,5,182,0,2,23,0,1043,0,0,94,0,0,0,0,0,25
478,0,0,0,0,0,0,0,0,1165,0,0,129,0,0,0,0,0,123,5,182,0,2,23,0,1045,0,0,94,0,0,0,0,0,25
479,0,0,0,0,0,0,0,0,1166,0,0,129,0,0,0,0,0,123,5,182,0,2,23,0,1047,0,0,94,0,0,0,0,0,25
480,0,0,0,0,0,0,0,0,1170,0,0,129,0,0,0,0,0,123,5,182,0,2,23,0,1048,0,0,94,0,0,0,0,0,25
481,0,0,0,0,0,0,0,0,1171,0,0,129,0,0,0,0,0,123,5,182,0,2,23,0,1052,0,0,94,0,0,0,0,0,25
482,0,0,0,0,0,0,0,0,1173,0,0,129,0,0,0,0,0,123,5,182,0,2,23,0,1053,0,0,95,0,0,0,0,0,25
483,0,0,0,0,0,0,0,0,1176,0,0,129,0,0,0,0,0,123,5,183,0,2,23,0,1056,0,0,95,0,0,0,0,0,25
484,0,0,0,0,0,0,0,0,1177,0,0,129,0,0,0,0,0,124,5,183,0,2,23,0,1061,0,0,95,0,0,0,0,0,25
485,0,0,0,0,0,0,0,0,1179,0,0,129,0,0,0,0,0,124,5,183,0,2,23,0,1065,0,0,95,0,0,0,0,0,25
486,0,0,0,0,0,0,0,0,1181,0,0,129,0,0,0,0,0,124,5,183,0,2,23,0,1067,0,0,95,0,0,0,0,0,25
487,0,0,0,0,0,0,0,0,1185,0,0,129,0,0,0,0,0,124,5,184,0,2,23,0,1070,0,0,95,0,0,0,0,0,25
488,0,0,0,0,0,0,0,0,1191,0,0,129,0,0,0,0,0,124,5,185,0,2,23,0,1071,0,0,95,0,0,0,0,0,25
489,0,0,0,0,0,0,0,0,1193,0,0,129,0,0,0,0,0,124,5,185,0,2,23,0,1072,0,0,95,0,0,0,0,0,25
490,0,0,0,0,0,0,0,0,1195,0,0,129,0,0,0,0,0,124,5,185,0,2,23,0,1074,0,0,95,0,0,0,0,0,25
491,0,0,0,0,0,0,0,0,1197,0,0,129,0,0,0,0,0,124,5,185,0,2,23,0,1078,0,0,95,0,0,0,0,0,25
492,0,0,0,0,0,0,0,0,1197,0,0,129,0,0,0,0,0,124,5,185,0,2,23,0,1082,0,0,95,0,0,0,0,0,25
493,0,0,0,0,0,0,0,0,1200,0,0,129,0,0,0,0,0,124,5,186,0,2,23,0,1084,0,0,95,0,0,0,0,0,25
494,0,0,0,0,0,0,0,0,1202,0,0,129,0,0,0,0,0,124,5,186,0,2,23,0,1086,0,0,95,0,0,0,0,0,25
495,0,0,0,0,0,0,0,0,1204,0,0,129,0,0,0,0,0,124,5,186,0,2,23,0,1088,0,0,95,0,0,0,0,0,25
496,0,0,0,0,0,0,0,0,1207,0,0,129,0,0,0,0,0,124,5,187,0,2,23,0,1090,0,0,95,0,0,0,0,0,25
497,0,0,0,0,0,0,0,0,1210,0,0,129,0,0,0,0,0,124,5,189,0,2,23,0,1092,0,0,95,0,0,0,0,0,25
498,0,0,0,0,0,0,0,0,1211,0,0,129,0,0,0,0,0,124,5,189,0,2,23,0,1093,0,0,95,0,0,0,0,0,25
499,0,0,0,0,0,0,0,0,1213,0,0,129,0,0,0,0,0,125,5,189,0,2,23,0,1095,0,0,96,0,0,0,0,0,25
500,0,0,0,0,0,0,0,0,1215,0,0,129,0,0,0,0,0,125,5,189,0,2,23,0,1100,0,0,96,0,0,0,0,0,25
501,0,0,0,0,0,0,0,0,1217,0,0,129,0,0,0,0,0,126,5,190,0,2,23,0,1101,0,0,96,0,0,0,0,0,25
502,0,0,0,0,0,0,0,0,1218,0,0,129,0,0,0,0,0,127,5,190,0,2,23,0,1104,0,0,96,0,0,0,0,0,25
503,0,0,0,0,0,0,0,0,1220,0,0,129,0,0,0,0,0,127,5,191,0,2,23,0,1106,0,0,96,0,0,0,0,0,25
504,0,0,0,0,0,0,0,0,1223,0,0,129,0,0,0,0,0,127,5,191,0,2,23,0,1108,0,0,96,0,0,0,0,0,25
505,0,0,0,0,0,0,0,0,1225,0,0,129,0,0,0,0,0,127,5,191,0,2,23,0,1112,0,0,96,0,0,0,0,0,25
506,0,0,0,0,0,0,0,0,1227,0,0,129,0,0,0,0,0,127,5,192,0,2,23,0,1117,0,0,96,0,0,0,0,0,25
507,0,0,0,0,0,0,0,0,1228,0,0,129,0,0,0,0,0,127,5,193,0,2,23,0,1122,0,0,96,0,0,0,0,0,25
508,0,0,0,0,0,0,0,0,1230,0,0,129,0,0,0,0,0,127,5,193,0,2,23,0,1124,0,0,97,0,0,0,0,0,25
509,0,0,0,0,0,0,0,0,1232,0,0,129,0,0,0,0,0,127,5,193,0,2,23,0,1127,0,0,97,0,0,0,0,0,26
510,0,0,0,0,0,0,0,0,1234,0,0,129,0,0,0,0,0,127,5,193,0,2,23,0,1130,0,0,97,0,0,0,0,0,26
511,0,0,0,0,0,0,0,0,1236,0,0,129,0,0,0,0,0,127,5,193,0,2,23,0,1132,0,0,97,0,0,0,0,0,26
512,0,0,0,0,0,0,0,0,1239,0,0,129,0,0,0,0,0,127,5,193,0,2,23,0,1135,0,0,97,0,0,0,0,0,26
513,0,0,0,0,0,0,0,0,1241,0,0,129,0,0,0,0,0,127,5,194,0,2,23,0,1138,0,0,97,0,0,0,0,0,26
514,0,0,0,0,0,0,0,0,1247,0,0,129,0,0,0,0,0,127,5,194,0,2,23,0,1139,0,0,97,0,0,0,0,0,26
515,0,0,0,0,0,0,0,0,1250,0,0,129,0,0,0,0,0,127,5,194,0,2,23,0,1142,0,0,97,0,0,0,0,0,26
516,0,0,0,0,0,0,0,0,1252,0,0,129,0,0,0,0,0,127,5,194,0,2,23,0,1145,0,0,97,0,0,0,0,0,27
517,0,0,0,0,0,0,0,0,1252,0,0,129,0,0,0,0,0,127,5,196,0,2,23,0,1151,0,0,97,0,0,0,0,0,27
518,0,0,0,0,0,0,0,0,1257,0,0,129,0,0,0,0,0,128,5,196,0,2,23,0,1152,0,0,97,0,0,0,0,0,27
519,0,0,0,0,0,0,0,0,1258,0,0,129,0,0,0,0,0,130,5,196,0,2,23,0,1153,0,0,97,0,0,0,0,0,27
520,0,0,0,0,0,0,0,0,1260,0,0,129,0,0,0,0,0,130,5,197,0,2,23,0,1154,0,0,97,0,0,0,0,0,27
521,0,0,0,0,0,0,0,0,1263,0,0,129,0,0,0,0,0,130,5,197,0,2,23,0,1158,0,0,97,0,0,0,0,0,27
522,0,0,0,0,0,0,0,0,1266,0,0,129,0,0,0,0,0,130,5,197,0,2,23,0,1159,0,0,97,0,0,0,0,0,27
523,0,0,0,0,0,0,0,0,1269,0,0,129,0,0,0,0,0,130,5,198,0,2,23,0,1163,0,0,98,0,0,0,0,0,27
524,0,0,0,0,0,0,0,0,1271,0,0,129,0,0,0,0,0,130,5,198,0,2,23,0,1166,0,0,98,0,0,0,0,0,27
525,0,0,0,0,0,0,0,0,1272,0,0,129,0,0,0,0,0,130,5,198,0,2,23,0,1169,0,0,98,0,0,0,0,0,27
526,0,0,0,0,0,0,0,0,1274,0,0,129,0,0,0,0,0,130,5,199,0,2,23,0,1170,0,0,99,0,0,0,0,0,27
527,0,0,0,0,0,0,0,0,1277,0,0,129,0,0,0,0,0,131,5,199,0,2,23,0,1172,0,0,99,0,0,0,0,0,27
528,0,0,0,0,0,0,0,0,1278,0,0,129,0,0,0,0,0,131,5,201,0,2,23,0,1174,0,0,99,0,0,0,0,0,27
529,0,0,0,0,0,0,0,0,1279,0,0,129,0,0,0,0,0,132,5,202,0,2,23,0,1176,0,0,99,0,0,0,0,0,27
530,0,0,0,0,0,0,0,0,1281,0,0,129,0,0,0,0,0,132,5,202,0,2,23,0,1178,0,0,99,0,0,0,0,0,27
531,0,0,0,0,0,0,0,0,1283,0,0,129,0,0,0,0,0,132,5,202,0,2,23,0,1181,0,0,99,0,0,0,0,0,27
532,0,0,0,0,0,0,0,0,1284,0,0,129,0,0,0,0,0,133,5,202,0,2,23,0,1182,0,0,99,0,0,0,0,0,27
533,0,0,0,0,0,0,0,0,1286,0,0,129,0,0,0,0,0,133,5,202,0,2,23,0,1186,0,0,99,0,0,0,0,0,27
534,0,0,0,0,0,0,0,0,1291,0,0,129,0,0,0,0,0,133,5,202,0,2,23,0,1190,0,0,99,0,0,0,0,0,27
535,0,0,0,0,0,0,0,0,1295,0,0,129,0,0,0,0,0,133,5,202,0,2,23,0,1191,0,0,99,0,0,0,0,0,27
536,0,0,0,0,0,0,0,0,1297,0,0,129,0,0,0,0,0,134,5,202,0,2,23,0,1193,0,0,99,0,0,0,0,0,27
537,0,0,0,0,0,0,0,0,1298,0,0,129,0,0,0,0,0,134,5,202,0,2,23,0,1196,0,0,99,0,0,0,0,0,27
538,0,0,0,0,0,0,0,0,1301,0,0,129,0,0,0,0,0,135,5,202,0,2,23,0,1197,0,0,99,0,0,0,0,0,27
539,0,0,0,0,0,0,0,0,1303,0,0,129,0,0,0,0,0,135,5,202,0,2,23,0,1199,0,0,99,0,0,0,0,0,27
540,0,0,0,0,0,0,0,0,1305,0,0,129,0,0,0,0,0,136,5,202,0,2,23,0,1200,0,0,99,0,0,0,0,0,27
541,0,0,0,0,0,0,0,0,1308,0,0,129,0,0,0,0,0,136,5,202,0,2,23,0,1202,0,0,99,0,0,0,0,0,27
542,0,0,0,0,0,0,0,0,1312,0,0,129,0,0,0,0,0,136,5,203,0,2,23,0,1206,0,0,99,0,0,0,0,0,27
543,0,0,0,0,0,0,0,0,1314,0,0,129,0,0,0,0,0,136,5,203,0,2,23,0,1209,0,0,100,0,0,0,0,0,27
544,0,0,0,0,0,0,0,0,1317,0,0,129,0,0,0,0,0,137,5,203,0,2,23,0,1216,0,0,100,0,0,0,0,0,29
545,0,0,0,0,0,0,0,0,1320,0,0,129,0,0,0,0,0,137,5,203,0,2,23,0,1221,0,0,100,0,0,0,0,0,29
546,0,0,0,0,0,0,0,0,1321,0,0,129,0,0,0,0,0,138,5,203,0,2,23,0,1225,0,0,100,0,0,0,0,0,29
547,0,0,0,0,0,0,0,0,1323,0,0,129,0,0,0,0,0,139,5,204,0,2,23,0,1226,0,0,100,0,0,0,0,0,29
548,0,0,0,0,0,0,0,0,1325,0,0,129,0,0,0,0,0,139,6,204,0,2,23,0,1228,0,0,100,0,0,0,0,0,29
549,0,0,0,0,0,0,0,0,1327,0,0,129,0,0,0,0,0,139,6,204,0,2,23,0,1231,0,0,101,0,0,0,0,0,29
550,0,0,0,0,0,0,0,0,1329,0,0,129,0,0,0,0,0,139,6,204,0,2,23,0,1234,0,0,101,0,0,0,0,0,29
551,0,0,0,0,0,0,0,0,1330,0,0,129,0,0,0,0,0,139,6,205,0,2,23,0,1235,0,0,101,0,0,0,0,0,29
552,0,0,0,0,0,0,0,0,1333,0,0,129,0,0,0,0,0,139,6,206,0,2,23,0,1237,0,0,101,0,0,0,0,0,29
553,0,0,0,0,0,0,0,0,1334,0,0,129,0,0,0,0,0,139,6,206,0,2,23,0,1237,0,0,101,0,0,0,0,0,29
554,0,0,0,0,0,0,0,0,1335,0,0,129,0,0,0,0,0,139,6,207,0,2,23,0,1241,0,0,101,0,0,0,0,0,29
555,0,0,0,0,0,0,0,0,1338,0,0,129,0,0,0,0,0,139,6,208,0,2,23,0,1242,0,0,101,0,0,0,0,0,29
556,0,0,0,0,0,0,0,0,1342,0,0,129,0,0,0,0,0,139,6,209,0,2,23,0,1245,0,0,101,0,0,0,0,0,29
557,0,0,0,0,0,0,0,0,1345,0,0,129,0,0,0,0,0,139,6,210,0,2,23,0,1245,0,0,101,0,0,0,0,0,29
558,0,0,0,0,0,0,0,0,1348,0,0,129,0,0,0,0,0,139,6,211,0,2,23,0,1249,0,0,101,0,0,0,0,0,30
559,0,0,0,0,0,0,0,0,1349,0,0,129,0,0,0,0,0,139,7,211,0,2,23,0,1250,0,0,101,0,0,0,0,0,30
560,0,0,0,0,0,0,0,0,1352,0,0,129,0,0,0,0,0,139,7,211,0,2,23,0,1254,0,0,101,0,0,0,0,0,30
561,0,0,0,0,0,0,0,0,1354,0,0,129,0,0,0,0,0,139,7,211,0,2,23,0,1258,0,0,101,0,0,0,0,0,30
562,0,0,0,0,0,0,0,0,1355,0,0,129,0,0,0,0,0,140,7,211,0,2,23,0,1259,0,0,102,0,0,0,0,0,30
563,0,0,0,0,0,0,0,0,1358,0,0,129,0,0,0,0,0,140,7,212,0,2,23,0,1264,0,0,102,0,0,0,0,0,30
564,0,0,0,0,0,0,0,0,1360,0,0,129,0,0,0,0,0,140,7,212,0,2,23,0,1267,0,0,102,0,0,0,0,0,30
565,0,0,0,0,0,0,0,0,1362,0,0,129,0,0,0,0,0,140,7,212,0,2,23,0,1271,0,0,102,0,0,0,0,0,30
566,0,0,0,0,0,0,0,0,1364,0,0,129,0,0,0,0,0,140,7,213,0,2,23,0,1273,0,0,102,0,0,0,0,0,30
567,0,0,0,0,0,0,0,0,1366,0,0,129,0,0,0,0,0,141,7,214,0,2,23,0,1276,0,0,102,0,0,0,0,0,30
568,0,0,0,0,0,0,0,0,1371,0,0,129,0,0,0,0,0,142,7,214,0,2,23,0,1279,0,0,102,0,0,0,0,0,30
569,0,0,0,0,0,0,0,0,1372,0,0,129,0,0,0,0,0,143,7,215,0,2,23,0,1280,0,0,102,0,0,0,0,0,30
570,0,0,0,0,0,0,0,0,1373,0,0,129,0,0,0,0,0,144,7,215,0,2,23,0,1281,0,0,102,0,0,0,0,0,30
571,0,0,0,0,0,0,0,0,1376,0,0,129,0,0,0,0,0,145,7,216,0,2,23,0,1283,0,0,102,0,0,0,0,0,30
572,0,0,0,0,0,0,0,0,1377,0,0,129,0,0,0,0,0,145,7,217,0,2,23,0,1288,0,0,102,0,0,0,0,0,30
573,0,0,0,0,0,0,0,0,1380,0,0,129,0,0,0,0,0,145,7,217,0,2,23,0,1290,0,0,102,0,0,0,0,0,30
574,0,0,0,0,0,0,0,0,1384,0,0,129,0,0,0,0,0,145,7,218,0,2,23,0,1293,0,0,103,0,0,0,0,0,30
575,0,0,0,0,0,0,0,0,1385,0,0,129,0,0,0,0,0,145,7,218,0,2,23,0,1294,0,0,103,0,0,0,0,0,30
576,0,0,0,0,0,0,0,0,1386,0,0,129,0,0,0,0,0,147,7,218,0,2,23,0,1295,0,0,103,0,0,0,0,0,30
577,0,0,0,0,0,0,0,0,1389,0,0,129,0,0,0,0,0,147,7,219,0,2,23,0,1297,0,0,103,0,0,0,0,0,30
578,0,0,0,0,0,0,0,0,1392,0,0,129,0,0,0,0,0,147,7,220,0,2,23,0,1299,0,0,103,0,0,0,0,0,30
579,0,0,0,0,0,0,0,0,1394,0,0,129,0,0,0,0,0,149,7,221,0,2,23,0,1302,0,0,103,0,0,0,0,0,30
580,0,0,0,0,0,0,0,0,1396,0,0,129,0,0,0,0,0,149,7,221,0,2,23,0,1305,0,0,103,0,0,0,0,0,30
581,0,0,0,0,0,0,0,0,1397,0,0,129,0,0,0,0,0,149,7,221,0,2,23,0,1310,0,0,103,0,0,0,0,0,30
582,0,0,0,0,0,0,0,0,1399,0,0,129,0,0,0,0,0,150,7,221,0,2,23,0,1312,0,0,104,0,0,0,0,0,30
583,0,0,0,0,0,0,0,0,1400,0,0,129,0,0,0,0,0,151,7,221,0,2,23,0,1314,0,0,104,0,0,0,0,0,30
584,0,0,0,0,0,0,0,0,1401,0,0,129,0,0,0,0,0,151,7,221,0,2,23,0,1317,0,0,104,0,0,0,0,0,30
585,0,0,0,0,0,0,0,0,1401,0,0,129,0,0,0,0,0,151,7,221,0,2,23,0,1323,0,0,104,0,0,0,0,0,30
586,0,0,0,0,0,0,0,0,1401,0,0,129,0,0,0,0,0,151,7,222,0,2,23,0,1324,0,0,104,0,0,0,0,0,30
587,0,0,0,0,0,0,0,0,1403,0,0,129,0,0,0,0,0,152,7,222,0,2,23,0,1329,0,0,104,0,0,0,0,0,30
588,0,0,0,0,0,0,0,0,1405,0,0,129,0,0,0,0,0,152,7,223,0,2,23,0,1329,0,0,105,0,0,0,0,0,30
589,0,0,0,0,0,0,0,0,1407,0,0,129,0,0,0,0,0,152,7,224,0,2,23,0,1331,0,0,105,0,0,0,0,0,30
590,0,0,0,0,0,0,0,0,1408,0,0,129,0,0,0,0,0,152,7,224,0,2,23,0,1335,0,0,105,0,0,0,0,0,30
591,0,0,0,0,0,0,0,0,1411,0,0,129,0,0,0,0,0,152,7,224,0,2,23,0,1339,0,0,105,0,0,0,0,0,30
592,0,0,0,0,0,0,0,0,1413,0,0,129,0,0,0,0,0,152,7,225,0,2,23,0,1340,0,0,105,0,0,0,0,0,30
593,0,0,0,0,0,0,0,0,1417,0,0,129,0,0,0,0,0,152,7,225,0,2,23,0,1342,0,0,105,0,0,0,0,0,30
594,0,0,0,0,0,0,0,0,1418,0,0,129,0,0,0,0,0,152,7,226,0,2,23,0,1348,0,0,105,0,0,0,0,0,30
595,0,0,0,0,0,0,0,0,1421,0,0,129,0,0,0,0,0,153,7,227,0,2,23,0,1348,0,0,105,0,0,0,0,0,30
596,0,0,0,0,0,0,0,0,1423,0,0,129,0,0,0,0,0,153,7,228,0,2,23,0,1351,0,0,105,0,0,0,0,0,30
597,0,0,0,0,0,0,0,0,1423,0,0,129,0,0,0,0,0,154,7,229,0,2,23,0,1355,0,0,105,0,0,0,0,0,30
598,0,0,0,0,0,0,0,0,1426,0,0,129,0,0,0,0,0,154,7,229,0,2,23,0,1355,0,0,105,0,0,0,0,0,30
599,0,0,0,0,0,0,0,0,1426,0,0,129,0,0,0,0,0,155,7,229,0,2,23,0,1359,0,0,105,0,0,0,0,0,30
600,0,0,0,0,0,0,0,0,1429,0,0,129,0,0,0,0,0,155,7,230,0,2,23,0,1361,0,0,105,0,0,0,0,0,30
601,0,0,0,0,0,0,0,0,1432,0,0,129,0,0,0,0,0,155,7,230,0,2,23,0,1364,0,0,106,0,0,0,0,0,30
602,0,0,0,0,0,0,0,0,1433,0,0,129,0,0,0,0,0,155,7,230,0,2,23,0,1366,0,0,106,0,0,0,0,0,30
603,0,0,0,0,0,0,0,0,1436,0,0,129,0,0,0,0,0,156,7,230,0,2,23,0,1370,0,0,106,0,0,0,0,0,30
604,0,0,0,0,0,0,0,0,1437,0,0,129,0,0,0,0,0,156,7,230,0,2,23,0,1374,0,0,106,0,0,0,0,0,30
605,0,0,0,0,0,0,0,0,1440,0,0,129,0,0,0,0,0,156,7,231,0,2,23,0,1376,0,0,106,0,0,0,0,0,30
606,0,0,0,0,0,0,0,0,1441,0,0,129,0,0,0,0,0,157,7,231,0,2,23,0,1377,0,0,106,0,0,0,0,0,30
607,0,0,0,0,0,0,0,0,1441,0,0,129,0,0,0,0,0,158,7,231,0,2,23,0,1383,0,0,107,0,0,0,0,0,30
608,0,0,0,0,0,0,0,0,1442,0,0,129,0,0,0,0,0,158,7,231,0,2,23,0,1386,0,0,107,0,0,0,0,0,30
609,0,0,0,0,0,0,0,0,1445,0,0,129,0,0,0,0,0,158,7,231,0,2,23,0,1386,0,0,107,0,0,0,0,0,30
610,0,0,0,0,0,0,0,0,1449,0,0,129,0,0,0,0,0,158,7,231,0,2,23,0,1390,0,0,107,0,0,0,0,0,30
611,0,0,0,0,0,0,0,0,1452,0,0,129,0,0,0,0,0,158,7,231,0,2,23,0,1392,0,0,107,0,0,0,0,0,30
612,0,0,0,0,0,0,0,0,1455,0,0,129,0,0,0,0,0,158,7,231,0,2,23,0,1393,0,0,108,0,0,0,0,0,30
613,0,0,0,0,0,0,0,0,1456,0,0,129,0,0,0,0,0,158,7,233,0,2,23,0,1395,0,0,108,0,0,0,0,0,30
614,0,0,0,0,0,0,0,0,1456,0,0,129,0,0,0,0,0,158,7,233,0,2,23,0,1398,0,0,108,0,0,0,0,0,30
615,0,0,0,0,0,0,0,0,1458,0,0,129,0,0,0,0,0,158,7,233,0,2,23,0,1401,0,0,108,0,0,0,0,0,30
616,0,0,0,0,0,0,0,0,1461,0,0,129,0,0,0,0,0,158,7,233,0,2,23,0,1401,0,0,108,0,0,0,0,0,30
617,0,0,0,0,0,0,0,0,1464,0,0,129,0,0,0,0,0,159,7,233,0,2,23,0,1405,0,0,108,0,0,0,0,0,30
618,0,0,0,0,0,0,0,0,1469,0,0,129,0,0,0,0,0,159,7,233,0,2,23,0,1406,0,0,108,0,0,0,0,0,30
619,0,0,0,0,0,0,0,0,1470,0,0,129,0,0,0,0,0,160,7,233,0,2,23,0,1408,0,0,108,0,0,0,0,0,30
620,0,0,0,0,0,0,0,0,1470,0,0,129,0,0,0,0,0,160,7,233,0,2,23,0,1413,0,0,108,0,0,0,0,0,30
621,0,0,0,0,0,0,0,0,1473,0,0,129,0,0,0,0,0,160,7,235,0,2,23,0,1417,0,0,108,0,0,0,0,0,30
622,0,0,0,0,0,0,0,0,1475,0,0,129,0,0,0,0,0,161,7,235,0,2,23,0,1418,0,0,108,0,0,0,0,0,30
623,0,0,0,0,0,0,0,0,1476,0,0,129,0,0,0,0,0,161,7,236,0,2,23,0,1421,0,0,108,0,0,0,0,0,30
624,0,0,0,0,0,0,0,0,1479,0,0,129,0,0,0,0,0,162,7,236,0,2,23,0,1424,0,0,108,0,0,0,0,0,30
625,0,0,0,0,0,0,0,0,1481,0,0,129,0,0,0,0,0,162,7,236,0,2,23,0,1430,0,0,108,0,0,0,0,0,30
626,0,0,0,0,0,0,0,0,1483,0,0,129,0,0,0,0,0,162,7,236,0,2,23,0,1433,0,0,108,0,0,0,0,0,30
627,0,0,0,0,0,0,0,0,1485,0,0,129,0,0,0,0,0,162,7,236,0,2,23,0,1435,0,0,108,0,0,0,0,0,30
628,0,0,0,0,0,0,0,0,1486,0,0,129,0,0,0,0,0,165,7,236,0,2,23,0,1436,0,0,108,0,0,0,0,0,30
629,0,0,0,0,0,0,0,0,1487,0,0,129,0,0,0,0,0,165,7,236,0,2,23,0,1438,0,0,108,0,0,0,0,0,30
630,0,0,0,0,0,0,0,0,1491,0,0,129,0,0,0,0,0,166,7,236,0,2,23,0,1439,0,0,108,0,0,0,0,0,30
631,0,0,0,0,0,0,0,0,1494,0,0,129,0,0,0,0,0,166,7,236,0,2,23,0,1445,0,0,108,0,0,0,0,0,30
632,0,0,0,0,0,0,0,0,1496,0,0,129,0,0,0,0,0,166,7,237,0,2,23,0,1447,0,0,108,0,0,0,0,0,30
633,0,0,0,0,0,0,0,0,1498,0,0,129,0,0,0,0,0,167,7,237,0,2,23,0,1449,0,0,108,0,0,0,0,0,30
634,0,0,0,0,0,0,0,0,1501,0,0,129,0,0,0,0,0,168,7,237,0,2,23,0,1453,0,0,108,0,0,0,0,0,30
635,0,0,0,0,0,0,0,0,1502,0,0,129,0,0,0,0,0,168,7,238,0,2,23,0,1455,0,0,108,0,0,0,0,0,30
636,0,0,0,0,0,0,0,0,1502,0,0,129,0,0,0,0,0,169,7,238,0,2,23,0,1457,0,0,108,0,0,0,0,0,30
637,0,0,0,0,0,0,0,0,1506,0,0,129,0,0,0,0,0,169,7,241,0,2,23,0,1457,0,0,108,0,0,0,0,0,30
638,0,0,0,0,0,0,0,0,1508,0,0,129,0,0,0,0,0,169,7,241,0,2,23,0,1463,0,0,108,0,0,0,0,0,30
639,0,0,0,0,0,0,0,0,1508,0,0,129,0,0,0,0,0,169,7,243,0,2,23,0,1466,0,0,108,0,0,0,0,0,30
640,0,0,0,0,0,0,0,0,1508,0,0,129,0,0,0,0,0,171,7,244,0,2,23,0,1468,0,0,108,0,0,0,0,0,30
641,0,0,0,0,0,0,0,0,1509,0,0,129,0,0,0,0,0,171,7,244,0,2,23,0,1473,0,0,108,0,0,0,0,0,30
642,0,0,0,0,0,0,0,0,1512,0,0,129,0,0,0,0,0,171,7,245,0,2,23,0,1475,0,0,108,0,0,0,0,0,30
643,0,0,0,0,0,0,0,0,1515,0,0,129,0,0,0,0,0,171,7,246,0,2,23,0,1479,0,0,108,0,0,0,0,0,30
644,0,0,0,0,0,0,0,0,1517,0,0,129,0,0,0,0,0,171,7,246,0,2,23,0,1479,0,0,108,0,0,0,0,0,30
645,0,0,0,0,0,0,0,0,1518,0,0,129,0,0,0,0,0,171,7,246,0,2,23,0,1482,0,0,108,0,0,0,0,0,30
646,0,0,0,0,0,0,0,0,1519,0,0,129,0,0,0,0,0,171,7,246,0,2,23,0,1486,0,0,108,0,0,0,0,0,30
647,0,0,0,0,0,0,0,0,1521,0,0,129,0,0,0,0,0,171,7,247,0,2,23,0,1488,0,0,108,0,0,0,0,0,31
648,0,0,0,0,0,0,0,0,1524,0,0,129,0,0,0,0,0,171,7,248,0,2,23,0,1491,0,0,108,0,0,0,0,0,31
649,0,0,0,0,0,0,0,0,1527,0,0,129,0,0,0,0,0,171,7,248,0,2,23,0,1495,0,0,108,0,0,0,0,0,31
650,0,0,0,0,0,0,0,0,1530,0,0,129,0,0,0,0,0,171,7,248,0,2,23,0,1497,0,0,108,0,0,0,0,0,31
651,0,0,0,0,0,0,0,0,1532,0,0,129,0,0,0,0,0,171,7,248,0,2,23,0,1498,0,0,108,0,0,0,0,0,31
652,0,0,0,0,0,0,0,0,1534,0,0,129,0,0,0,0,0,171,7,248,0,2,23,0,1499,0,0,108,0,0,0,0,0,31
653,0,0,0,0,0,0,0,0,1536,0,0,129,0,0,0,0,0,171,7,248,0,2,23,0,1500,0,0,108,0,0,0,0,0,31
654,0,0,0,0,0,0,0,0,1540,0,0,129,0,0,0,0,0,171,7,249,0,2,23,0,1502,0,0,108,0,0,0,0,0,31
655,0,0,0,0,0,0,0,0,1541,0,0,129,0,0,0,0,0,171,7,249,0,2,23,0,1504,0,0,108,0,0,0,0,0,31
656,0,0,0,0,0,0,0,0,1542,0,0,129,0,0,0,0,0,171,7,250,0,2,23,0,1506,0,0,108,0,0,0,0,0,31
657,0,0,0,0,0,0,0,0,1543,0,0,129,0,0,0,0,0,172,7,250,0,2,23,0,1509,0,0,108,0,0,0,0,0,31
658,0,0,0,0,0,0,0,0,1546,0,0,129,0,0,0,0,0,172,7,250,0,2,23,0,1511,0,0,109,0,0,0,0,0,31
659,0,0,0,0,0,0,0,0,1548,0,0,129,0,0,0,0,0,173,7,250,0,2,23,0,1514,0,0,109,0,0,0,0,0,31
660,0,0,0,0,0,0,0,0,1551,0,0,129,0,0,0,0,0,173,7,250,0,2,23,0,1515,0,0,109,0,0,0,0,0,31
661,0,0,0,0,0,0,0,0,1553,0,0,129,0,0,0,0,0,173,7,251,0,2,23,0,1517,0,0,109,0,0,0,0,0,31
662,0,0,0,0,0,0,0,0,1553,0,0,129,0,0,0,0,0,173,7,251,0,2,23,0,1519,0,0,109,0,0,0,0,0,32
663,0,0,0,0,0,0,0,0,1555,0,0,129,0,0,0,0,0,174,7,251,0,2,23,0,1524,0,0,109,0,0,0,0,0,32
664,0,0,0,0,0,0,0,0,1557,0,0,129,0,0,0,0,0,174,7,251,0,2,23,0,1526,0,0,109,0,0,0,0,0,32
665,0,0,0,0,0,0,0,0,1558,0,0,129,0,0,0,0,0,174,7,252,0,2,23,0,1530,0,0,109,0,0,0,0,0,32
666,0,0,0,0,0,0,0,0,1560,0,0,129,0,0,0,0,0,174,7,253,0,2,23,0,1531,0,0,109,0,0,0,0,0,32
667,0,0,0,0,0,0,0,0,1562,0,0,129,0,0,0,0,0,174,7,253,0,2,23,0,1534,0,0,110,0,0,0,0,0,32
668,0,0,0,0,0,0,0,0,1565,0,0,129,0,0,0,0,0,174,7,253,0,2,23,0,1537,0,0,110,0,0,0,0,0,32
669,0,0,0,0,0,0,0,0,1568,0,0,129,0,0,0,0,0,174,7,256,0,2,23,0,1539,0,0,111,0,0,0,0,0,32
670,0,0,0,0,0,0,0,0,1571,0,0,129,0,0,0,0,0,174,7,256,0,2,23,0,1541,0,0,111,0,0,0,0,0,32
671,0,0,0,0,0,0,0,0,1573,0,0,129,0,0,0,0,0,174,7,256,0,2,23,0,1546,0,0,111,0,0,0,0,0,32
672,0,0,0,0,0,0,0,0,1575,0,0,129,0,0,0,0,0,174,7,256,0,2,23,0,1548,0,0,111,0,0,0,0,0,32
673,0,0,0,0,0,0,0,0,1576,0,0,129,0,0,0,0,0,174,7,256,0,2,23,0,1551,0,0,111,0,0,0,0,0,32
674,0,0,0,0,0,0,0,0,1578,0,0,129,0,0,0,0,0,174,7,258,0,2,23,0,1553,0,0,111,0,0,0,0,0,32
675,0,0,0,0,0,0,0,0,1579,0,0,129,0,0,0,0,0,174,7,258,0,2,23,0,1554,0,0,111,0,0,0,0,0,32
676,0,0,0,0,0,0,0,0,1581,0,0,129,0,0,0,0,0,174,7,258,0,2,23,0,1558,0,0,111,0,0,0,0,0,32
677,0,0,0,0,0,0,0,0,1583,0,0,129,0,0,0,0,0,174,7,259,0,2,23,0,1562,0,0,111,0,0,0,0,0,32
678,0,0,0,0,0,0,0,0,1584,0,0,129,0,0,0,0,0,174,7,259,0,2,23,0,1564,0,0,111,0,0,0,0,0,32
679,0,0,0,0,0,0,0,0,1585,0,0,129,0,0,0,0,0,175,7,260,0,2,23,0,1567,0,0,111,0,0,0,0,0,32
680,0,0,0,0,0,0,0,0,1587,0,0,129,0,0,0,0,0,176,7,260,0,2,23,0,1569,0,0,111,0,0,0,0,0,32
681,0,0,0,0,0,0,0,0,1587,0,0,129,0,0,0,0,0,176,7,261,0,2,23,0,1570,0,0,111,0,0,0,0,0,32
682,0,0,0,0,0,0,0,0,1589,0,0,129,0,0,0,0,0,176,7,261,0,2,23,0,1575,0,0,111,0,0,0,0,0,32
683,0,0,0,0,0,0,0,0,1591,0,0,129,0,0,0,0,0,176,7,261,0,2,23,0,1577,0,0,111,0,0,0,0,0,32
684,0,0,0,0,0,0,0,0,1592,0,0,129,0,0,0,0,0,176,7,261,0,2,23,0,1578,0,0,111,0,0,0,0,0,33
685,0,0,0,0,0,0,0,0,1594,0,0,129,0,0,0,0,0,176,7,261,0,2,23,0,1584,0,0,111,0,0,0,0,0,33
686,0,0,0,0,0,0,0,0,1594,0,0,129,0,0,0,0,0,176,7,261,0,2,23,0,1586,0,0,111,0,0,0,0,0,34
687,0,0,0,0,0,0,0,0,1596,0,0,129,0,0,0,0,0,177,7,261,0,2,23,0,1588,0,0,111,0,0,0,0,0,34
688,0,0,0,0,0,0,0,0,1597,0,0,129,0,0,0,0,0,177,7,262,0,2,23,0,1593,0,0,111,0,0,0,0,0,34
689,0,0,0,0,0,0,0,0,1598,0,0,129,0,0,0,0,0,177,7,263,0,2,23,0,1595,0,0,112,0,0,0,0,0,34
690,0,0,0,0,0,0,0,0,1601,0,0,129,0,0,0,0,0,177,7,263,0,2,23,0,1596,0,0,112,0,0,0,0,0,34
691,0,0,0,0,0,0,0,0,1601,0,0,129,0,0,0,0,0,177,7,263,0,2,23,0,1598,0,0,112,0,0,0,0,0,34
692,0,0,0,0,0,0,0,0,1604,0,0,129,0,0,0,0,0,177,7,263,0,2,23,0,1599,0,0,113,0,0,0,0,0,34
693,0,0,0,0,0,0,0,0,1607,0,0,129,0,0,0,0,0,177,7,263,0,2,23,0,1602,0,0,113,0,0,0,0,0,34
694,0,0,0,0,0,0,0,0,1607,0,0,129,0,0,0,0,0,177,7,263,0,2,23,0,1604,0,0,113,0,0,0,0,0,34
695,0,0,0,0,0,0,0,0,1609,0,0,129,0,0,0,0,0,177,7,263,0,2,23,0,1606,0,0,113,0,0,0,0,0,34
696,0,0,0,0,0,0,0,0,1613,0,0,129,0,0,0,0,0,177,7,264,0,2,23,0,1608,0,0,114,0,0,0,0,0,34
697,0,0,0,0,0,0,0,0,1614,0,0,129,0,0,0,0,0,177,7,264,0,2,23,0,1611,0,0,114,0,0,0,0,0,34
698,0,0,0,0,0,0,0,0,1616,0,0,129,0,0,0,0,0,177,7,264,0,2,23,0,1613,0,0,114,0,0,0,0,0,34
699,0,0,0,0,0,0,0,0,1619,0,0,129,0,0,0,0,0,177,7,264,0,2,23,0,1615,0,0,114,0,0,0,0,0,34
700,0,0,0,0,0,0,0,0,1624,0,0,129,0,0,0,0,0,177,7,264,0,2,23,0,1622,0,0,114,0,0,0,0,0,34
701,0,0,0,0,0,0,0,0,1626,0,0,129,0,0,0,0,0,177,7,264,0,2,23,0,1625,0,0,114,0,0,0,0,0,34
702,0,0,0,0,0,0,0,0,1628,0,0,129,0,0,0,0,0,177,7,264,0,2,23,0,1628,0,0,115,0,0,0,0,0,34
703,0,0,0,0,0,0,0,0,1628,0,0,129,0,0,0,0,0,177,7,264,0,2,23,0,1629,0,0,115,0,0,0,0,0,34
704,0,0,0,0,0,0,0,0,1629,0,0,129,0,0,0,0,0,177,7,264,0,2,23,0,1634,0,0,115,0,0,0,0,0,34
705,0,0,0,0,0,0,0,0,1630,0,0,129,0,0,0,0,0,177,7,265,0,2,23,0,1634,0,0,115,0,0,0,0,0,34
706,0,0,0,0,0,0,0,0,1631,0,0,129,0,0,0,0,0,177,7,265,0,2,23,0,1637,0,0,116,0,0,0,0,0,34
707,0,0,0,0,0,0,0,0,1634,0,0,129,0,0,0,0,0,177,7,265,0,2,23,0,1641,0,0,116,0,0,0,0,0,35
708,0,0,0,0,0,0,0,0,1635,0,0,129,0,0,0,0,0,177,7,265,0,2,23,0,1642,0,0,116,0,0,0,0,0,35
709,0,0,0,0,0,0,0,0,1636,0,0,129,0,0,0,0,0,177,7,265,0,2,23,0,1645,0,0,116,0,0,0,0,0,35
710,0,0,0,0,0,0,0,0,1637,0,0,129,0,0,0,0,0,177,7,265,0,2,23,0,1647,0,0,116,0,0,0,0,0,35
711,0,0,0,0,0,0,0,0,1640,0,0,129,0,0,0,0,0,178,7,265,0,2,23,0,1650,0,0,116,0,0,0,0,0,35
712,0,0,0,0,0,0,0,0,1641,0,0,129,0,0,0,0,0,179,7,266,0,2,23,0,1652,0,0,116,0,0,0,0,0,35
713,0,0,0,0,0,0,0,0,1644,0,0,129,0,0,0,0,0,179,7,266,0,2,23,0,1653,0,0,116,0,0,0,0,0,35
714,0,0,0,0,0,0,0,0,1645,0,0,129,0,0,0,0,0,179,7,268,0,2,23,0,1656,0,0,116,0,0,0,0,0,35
715,0,0,0,0,0,0,0,0,1645,0,0,129,0,0,0,0,0,181,7,268,0,2,23,0,1659,0,0,116,0,0,0,0,0,35
716,0,0,0,0,0,0,0,0,1645,0,0,129,0,0,0,0,0,181,7,268,0,2,23,0,1662,0,0,116,0,0,0,0,0,35
717,0,0,0,0,0,0,0,0,1649,0,0,129,0,0,0,0,0,182,7,268,0,2,23,0,1665,0,0,116,0,0,0,0,0,35
718,0,0,0,0,0,0,0,0,1652,0,0,129,0,0,0,0,0,182,7,269,0,2,23,0,1665,0,0,117,0,0,0,0,0,35
719,0,0,0,0,0,0,0,0,1654,0,0,129,0,0,0,0,0,182,7,270,0,2,23,0,1666,0,0,117,0,0,0,0,0,35
720,0,0,0,0,0,0,0,0,1658,0,0,129,0,0,0,0,0,182,7,270,0,2,23,0,1671,0,0,117,0,0,0,0,0,35
721,0,0,0,0,0,0,0,0,1661,0,0,129,0,0,0,0,0,182,7,271,0,2,23,0,1673,0,0,117,0,0,0,0,0,35
722,0,0,0,0,0,0,0,0,1664,0,0,129,0,0,0,0,0,182,7,272,0,2,23,0,1674,0,0,117,0,0,0,0,0,35
723,0,0,0,0,0,0,0,0,1665,0,0,129,0,0,0,0,0,182,7,273,0,2,23,0,1675,0,0,117,0,0,0,0,0,35
724,0,0,0,0,0,0,0,0,1667,0,0,129,0,0,0,0,0,182,7,273,0,2,23,0,1678,0,0,117,0,0,0,0,0,35
725,0,0,0,0,0,0,0,0,1668,0,0,129,0,0,0,0,0,182,7,274,0,2,23,0,1682,0,0,118,0,0,0,0,0,35
726,0,0,0,0,0,0,0,0,1669,0,0,129,0,0,0,0,0,183,7,274,0,2,23,0,1685,0,0,118,0,0,0,0,0,35
727,0,0,0,0,0,0,0,0,1671,0,0,129,0,0,0,0,0,183,7,274,0,2,23,0,1685,0,0,118,0,0,0,0,0,35
728,0,0,0,0,0,0,0,0,1676,0,0,129,0,0,0,0,0,183,7,275,0,2,23,0,1686,0,0,118,0,0,0,0,0,35
729,0,0,0,0,0,0,0,0,1681,0,0,129,0,0,0,0,0,184,7,277,0,2,23,0,1689,0,0,118,0,0,0,0,0,35
730,0,0,0,0,0,0,0,0,1682,0,0,129,0,0,0,0,0,185,7,277,0,2,23,0,1691,0,0,118,0,0,0,0,0,35
731,0,0,0,0,0,0,0,0,1684,0,0,129,0,0,0,0,0,186,7,277,0,2,23,0,1693,0,0,118,0,0,0,0,0,35
732,0,0,0,0,0,0,0,0,1684,0,0,129,0,0,0,0,0,186,7,277,0,2,23,0,1695,0,0,119,0,0,0,0,0,35
733,0,0,0,0,0,0,0,0,1685,0,0,129,0,0,0,0,0,187,7,277,0,2,23,0,1697,0,0,119,0,0,0,0,0,35
734,0,0,0,0,0,0,0,0,1687,0,0,129,0,0,0,0,0,187,7,278,0,2,23,0,1699,0,0,119,0,0,0,0,0,35
735,0,0,0,0,0,0,0,0,1689,0,0,129,0,0,0,0,0,188,7,278,0,2,23,0,1701,0,0,119,0,0,0,0,0,35
736,0,0,0,0,0,0,0,0,1692,0,0,129,0,0,0,0,0,188,7,279,0,2,23,0,1703,0,0,119,0,0,0,0,0,35
737,0,0,0,0,0,0,0,0,1693,0,0,129,0,0,0,0,0,188,7,279,0,2,23,0,1706,0,0,120,0,0,0,0,0,35
738,0,0,0,0,0,0,0,0,1696,0,0,129,0,0,0,0,0,188,7,279,0,2,23,0,1709,0,0,120,0,0,0,0,0,35
739,0,0,0,0,0,0,0,0,1699,0,0,129,0,0,0,0,0,188,7,279,0,2,23,0,1711,0,0,120,0,0,0,0,0,35
740,0,0,0,0,0,0,0,0,1702,0,0,129,0,0,0,0,0,188,7,279,0,2,23,0,1712,0,0,120,0,0,0,0,0,35
741,0,0,0,0,0,0,0,0,1703,0,0,129,0,0,0,0,0,188,7,279,0,2,23,0,1713,0,0,121,0,0,0,0,0,35
742,0,0,0,0,0,0,0,0,1705,0,0,129,0,0,0,0,0,188,7,279,0,2,23,0,1714,0,0,121,0,0,0,0,0,35
743,0,0,0,0,0,0,0,0,1706,0,0,129,0,0,0,0,0,188,7,279,0,2,23,0,1714,0,0,121,0,0,0,0,0,35
744,0,0,0,0,0,0,0,0,1711,0,0,129,0,0,0,0,0,188,7,279,0,2,23,0,1716,0,0,121,0,0,0,0,0,35
745,0,0,0,0,0,0,0,0,1714,0,0,129,0,0,0,0,0,189,7,279,0,2,23,0,1717,0,0,122,0,0,0,0,0,35
746,0,0,0,0,0,0,0,0,1715,0,0,129,0,0,0,0,0,189,7,279,0,2,23,0,1720,0,0,122,0,0,0,0,0,36
747,0,0,0,0,0,0,0,0,1715,0,0,129,0,0,0,0,0,189,7,279,0,2,23,0,1722,0,0,122,0,0,0,0,0,36
748,0,0,0,0,0,0,0,0,1716,0,0,129,0,0,0,0,0,189,7,280,0,2,23,0,1725,0,0,122,0,0,0,0,0,36
749,0,0,0,0,0,0,0,0,1719,0,0,129,0,0,0,0,0,189,7,280,0,2,23,0,1726,0,0,123,0,0,0,0,0,36
750,0,0,0,0,0,0,0,0,1720,0,0,129,0,0,0,0,0,190,7,281,0,2,23,0,1729,0,0,123,0,0,0,0,0,36
751,0,0,0,0,0,0,0,0,1722,0,0,129,0,0,0,0,0,191,7,281,0,2,23,0,1732,0,0,124,0,0,0,0,0,36
752,0,0,0,0,0,0,0,0,1724,0,0,129,0,0,0,0,0,191,7,281,0,2,23,0,1736,0,0,124,0,0,0,0,0,36
753,0,0,0,0,0,0,0,0,1724,0,0,129,0,0,0,0,0,192,7,281,0,2,23,0,1737,0,0,125,0,0,0,0,0,36
754,0,0,0,0,0,0,0,0,1726,0,0,129,0,0,0,0,0,193,7,281,0,2,23,0,1738,0,0,125,0,0,0,0,0,36
755,0,0,0,0,0,0,0,0,1729,0,0,129,0,0,0,0,0,193,7,281,0,2,23,0,1741,0,0,125,0,0,0,0,0,36
756,0,0,0,0,0,0,0,0,1732,0,0,129,0,0,0,0,0,193,7,283,0,2,23,0,1743,0,0,125,0,0,0,0,0,36
757,0,0,0,0,0,0,0,0,1734,0,0,129,0,0,0,0,0,193,7,283,0,2,23,0,1748,0,0,125,0,0,0,0,0,36
758,0,0,0,0,0,0,0,0,1735,0,0,129,0,0,0,0,0,193,7,284,0,2,23,0,1751,0,0,125,0,0,0,0,0,36
759,0,0,0,0,0,0,0,0,1736,0,0,129,0,0,0,0,0,193,7,284,0,2,23,0,1754,0,0,125,0,0,0,0,0,36
760,0,0,0,0,0,0,0,0,1740,0,0,129,0,0,0,0,0,193,7,284,0,2,23,0,1757,0,0,125,0,0,0,0,0,36
761,0,0,0,0,0,0,0,0,1741,0,0,129,0,0,0,0,0,193,7,285,0,2,23,0,1759,0,0,125,0,0,0,0,0,36
762,0,0,0,0,0,0,0,0,1742,0,0,129,0,0,0,0,0,194,7,285,0,2,23,0,1763,0,0,125,0,0,0,0,0,36
763,0,0,0,0,0,0,0,0,1745,0,0,129,0,0,0,0,0,194,7,285,0,2,23,0,1766,0,0,125,0,0,0,0,0,36
764,0,0,0,0,0,0,0,0,1747,0,0,129,0,0,0,0,0,194,7,285,0,2,23,0,1769,0,0,125,0,0,0,0,0,36
765,0,0,0,0,0,0,0,0,1748,0,0,129,0,0,0,0,0,195,7,285,0,2,23,0,1771,0,0,125,0,0,0,0,0,36
766,0,0,0,0,0,0,0,0,1750,0,0,129,0,0,0,0,0,195,7,285,0,2,23,0,1775,0,0,125,0,0,0,0,0,36
767,0,0,0,0,0,0,0,0,1752,0,0,129,0,0,0,0,0,195,7,286,0,2,23,0,1775,0,0,125,0,0,0,0,0,36
768,0,0,0,0,0,0,0,0,1755,0,0,129,0,0,0,0,0,195,7,286,0,2,23,0,1778,0,0,125,0,0,0,0,0,36
769,0,0,0,0,0,0,0,0,1759,0,0,129,0,0,0,0,0,195,7,286,0,2,23,0,1780,0,0,126,0,0,0,0,0,36
770,0,0,0,0,0,0,0,0,1762,0,0,129,0,0,0,0,0,195,7,286,0,2,23,0,1784,0,0,126,0,0,0,0,0,36
771,0,0,0,0,0,0,0,0,1763,0,0,129,0,0,0,0,0,195,7,286,0,2,23,0,1786,0,0,126,0,0,0,0,0,36
772,0,0,0,0,0,0,0,0,1766,0,0,129,0,0,0,0,0,195,7,286,0,2,23,0,1789,0,0,126,0,0,0,0,0,36
773,0,0,0,0,0,0,0,0,1766,0,0,129,0,0,0,0,0,195,7,286,0,2,23,0,1791,0,0,126,0,0,0,0,0,36
774,0,0,0,0,0,0,0,0,1768,0,0,129,0,0,0,0,0,195,7,286,0,2,23,0,1792,0,0,126,0,0,0,0,0,36
775,0,0,0,0,0,0,0,0,1768,0,0,129,0,0,0,0,0,195,7,287,0,2,23,0,1792,0,0,126,0,0,0,0,0,36
776,0,0,0,0,0,0,0,0,1770,0,0,129,0,0,0,0,0,197,7,287,0,2,23,0,1796,0,0,126,0,0,0,0,0,36
777,0,0,0,0,0,0,0,0,1774,0,0,129,0,0,0,0,0,197,7,289,0,2,23,0,1796,0,0,127,0,0,0,0,0,36
778,0,0,0,0,0,0,0,0,1776,0,0,129,0,0,0,0,0,197,7,289,0,2,23,0,1798,0,0,127,0,0,0,0,0,36
779,0,0,0,0,0,0,0,0,1781,0,0,129,0,0,0,0,0,197,7,290,0,2,23,0,1799,0,0,127,0,0,0,0,0,36
780,0,0,0,0,0,0,0,0,1782,0,0,129,0,0,0,0,0,199,7,290,0,2,23,0,1799,0,0,127,0,0,0,0,0,37
781,0,0,0,0,0,0,0,0,1783,0,0,129,0,0,0,0,0,199,7,290,0,2,23,0,1805,0,0,127,0,0,0,0,0,37
782,0,0,0,0,0,0,0,0,1785,0,0,129,0,0,0,0,0,199,7,291,0,2,23,0,1809,0,0,128,0,0,0,0,0,37
783,0,0,0,0,0,0,0,0,1789,0,0,129,0,0,0,0,0,199,7,291,0,2,23,0,1810,0,0,128,0,0,0,0,0,37
784,0,0,0,0,0,0,0,0,1791,0,0,129,0,0,0,0,0,199,7,292,0,2,23,0,1812,0,0,128,0,0,0,0,0,37
785,0,0,0,0,0,0,0,0,1792,0,0,129,0,0,0,0,0,199,7,293,0,2,23,0,1813,0,0,128,0,0,0,0,0,37
786,0,0,0,0,0,0,0,0,1797,0,0,129,0,0,0,0,0,199,7,293,0,2,23,0,1813,0,0,128,0,0,0,0,0,37
787,0,0,0,0,0,0,0,0,1798,0,0,129,0,0,0,0,0,200,7,293,0,2,23,0,1819,0,0,128,0,0,0,0,0,37
788,0,0,0,0,0,0,0,0,1800,0,0,129,0,0,0,0,0,200,7,293,0,2,23,0,1821,0,0,129,0,0,0,0,0,37
789,0,0,0,0,0,0,0,0,1803,0,0,129,0,0,0,0,0,200,7,293,0,2,23,0,1825,0,0,129,0,0,0,0,0,37
790,0,0,0,0,0,0,0,0,1804,0,0,129,0,0,0,0,0,200,7,293,0,2,23,0,1828,0,0,129,0,0,0,0,0,37
791,0,0,0,0,0,0,0,0,1805,0,0,129,0,0,0,0,0,200,7,295,0,2,23,0,1830,0,0,129,0,0,0,0,0,37
792,0,0,0,0,0,0,0,0,1807,0,0,129,0,0,0,0,0,200,7,295,0,2,23,0,1834,0,0,129,0,0,0,0,0,38
793,0,0,0,0,0,0,0,0,1809,0,0,129,0,0,0,0,0,200,7,296,0,2,23,0,1836,0,0,129,0,0,0,0,0,38
794,0,0,0,0,0,0,0,0,1812,0,0,129,0,0,0,0,0,200,7,297,0,2,23,0,1838,0,0,131,0,0,0,0,0,38
795,0,0,0,0,0,0,0,0,1816,0,0,129,0,0,0,0,0,200,7,298,0,2,23,0,1840,0,0,131,0,0,0,0,0,38
796,0,0,0,0,0,0,0,0,1819,0,0,129,0,0,0,0,0,200,7,298,0,2,23,0,1842,0,0,131,0,0,0,0,0,38
797,0,0,0,0,0,0,0,0,1820,0,0,129,0,0,0,0,0,200,7,298,0,2,23,0,1847,0,0,131,0,0,0,0,0,38
798,0,0,0,0,0,0,0,0,1822,0,0,129,0,0,0,0,0,200,7,299,0,2,23,0,1849,0,0,131,0,0,0,0,0,38
799,0,0,0,0,0,0,0,0,1824,0,0,129,0,0,0,0,0,201,7,300,0,2,23,0,1850,0,0,131,0,0,0,0,0,38
800,0,0,0,0,0,0,0,0,1827,0,0,129,0,0,0,0,0,201,7,300,0,2,23,0,1850,0,0,131,0,0,0,0,0,38
801,0,0,0,0,0,0,0,0,1828,0,0,129,0,0,0,0,0,201,7,300,0,2,23,0,1853,0,0,131,0,0,0,0,0,38
802,0,0,0,0,0,0,0,0,1830,0,0,129,0,0,0,0,0,201,7,301,0,2,23,0,1856,0,0,131,0,0,0,0,0,38
803,0,0,0,0,0,0,0,0,1832,0,0,129,0,0,0,0,0,201,7,301,0,2,23,0,1858,0,0,131,0,0,0,0,0,38
804,0,0,0,0,0,0,0,0,1834,0,0,129,0,0,0,0,0,201,7,301,0,2,23,0,1860,0,0,131,0,0,0,0,0,38
805,0,0,0,0,0,0,0,0,1837,0,0,129,0,0,0,0,0,201,7,301,0,2,23,0,1860,0,0,131,0,0,0,0,0,38
806,0,0,0,0,0,0,0,0,1838,0,0,129,0,0,0,0,0,201,7,301,0,2,23,0,1866,0,0,131,0,0,0,0,0,38
807,0,0,0,0,0,0,0,0,1840,0,0,129,0,0,0,0,0,201,7,301,0,2,23,0,1868,0,0,131,0,0,0,0,0,38
808,0,0,0,0,0,0,0,0,1842,0,0,129,0,0,0,0,0,201,7,301,0,2,23,0,1870,0,0,131,0,0,0,0,0,38
809,0,0,0,0,0,0,0,0,1842,0,0,129,0,0,0,0,0,202,7,301,0,2,23,0,1874,0,0,132,0,0,0,0,0,38
810,0,0,0,0,0,0,0,0,1844,0,0,129,0,0,0,0,0,202,7,302,0,2,23,0,1877,0,0,132,0,0,0,0,0,38
811,0,0,0,0,0,0,0,0,1848,0,0,129,0,0,0,0,0,202,7,303,0,2,23,0,1880,0,0,132,0,0,0,0,0,38
812,0,0,0,0,0,0,0,0,1850,0,0,129,0,0,0,0,0,202,7,303,0,2,23,0,1881,0,0,132,0,0,0,0,0,38
813,0,0,0,0,0,0,0,0,1852,0,0,129,0,0,0,0,0,202,7,303,0,2,23,0,1884,0,0,132,0,0,0,0,0,38
814,0,0,0,0,0,0,0,0,1852,0,0,129,0,0,0,0,0,202,7,303,0,2,23,0,1885,0,0,132,0,0,0,0,0,38
815,0,0,0,0,0,0,0,0,1857,0,0,129,0,0,0,0,0,202,7,303,0,2,23,0,1886,0,0,132,0,0,0,0,0,38
816,0,0,0,0,0,0,0,0,1860,0,0,129,0,0,0,0,0,202,7,303,0,2,23,0,1887,0,0,132,0,0,0,0,0,38
817,0,0,0,0,0,0,0,0,1864,0,0,129,0,0,0,0,0,202,7,304,0,2,23,0,1888,0,0,132,0,0,0,0,0,39
818,0,0,0,0,0,0,0,0,1869,0,0,129,0,0,0,0,0,202,7,304,0,2,23,0,1888,0,0,132,0,0,0,0,0,39
819,0,0,0,0,0,0,0,0,1869,0,0,129,0,0,0,0,0,202,7,304,0,2,23,0,1890,0,0,132,0,0,0,0,0,39
820,0,0,0,0,0,0,0,0,1871,0,0,129,0,0,0,0,0,203,7,304,0,2,23,0,1891,0,0,132,0,0,0,0,0,39
821,0,0,0,0,0,0,0,0,1874,0,0,129,0,0,0,0,0,203,7,304,0,2,23,0,1893,0,0,133,0,0,0,0,0,39
822,0,0,0,0,0,0,0,0,1875,0,0,129,0,0,0,0,0,204,7,304,0,2,23,0,1895,0,0,133,0,0,0,0,0,39
823,0,0,0,0,0,0,0,0,1877,0,0,129,0,0,0,0,0,204,7,304,0,2,23,0,1896,0,0,135,0,0,0,0,0,39
824,0,0,0,0,0,0,0,0,1878,0,0,129,0,0,0,0,0,205,7,304,0,2,23,0,1898,0,0,135,0,0,0,0,0,39
825,0,0,0,0,0,0,0,0,1880,0,0,129,0,0,0,0,0,206,7,304,0,2,23,0,1898,0,0,135,0,0,0,0,0,39
826,0,0,0,0,0,0,0,0,1882,0,0,129,0,0,0,0,0,206,7,304,0,2,23,0,1903,0,0,135,0,0,0,0,0,39
827,0,0,0,0,0,0,0,0,1883,0,0,129,0,0,0,0,0,206,7,305,0,2,23,0,1906,0,0,136,0,0,0,0,0,39
828,0,0,0,0,0,0,0,0,1885,0,0,129,0,0,0,0,0,206,7,306,0,2,23,0,1907,0,0,136,0,0,0,0,0,39
829,0,0,0,0,0,0,0,0,1887,0,0,129,0,0,0,0,0,206,7,306,0,2,23,0,1910,0,0,136,0,0,0,0,0,39
830,0,0,0,0,0,0,0,0,1888,0,0,129,0,0,0,0,0,206,7,306,0,2,23,0,1912,0,0,136,0,0,0,0,0,39
831,0,0,0,0,0,0,0,0,1889,0,0,129,0,0,0,0,0,206,7,306,0,2,23,0,1914,0,0,137,0,0,0,0,0,39
832,0,0,0,0,0,0,0,0,1889,0,0,129,0,0,0,0,0,206,7,307,0,2,23,0,1915,0,0,138,0,0,0,0,0,39
833,0,0,0,0,0,0,0,0,1892,0,0,129,0,0,0,0,0,207,7,307,0,2,23,0,1916,0,0,138,0,0,0,0,0,39
834,0,0,0,0,0,0,0,0,1892,0,0,129,0,0,0,0,0,207,7,310,0,2,23,0,1918,0,0,138,0,0,0,0,0,39
835,0,0,0,0,0,0,0,0,1895,0,0,129,0,0,0,0,0,207,7,310,0,2,23,0,1919,0,0,138,0,0,0,0,0,39
836,0,0,0,0,0,0,0,0,1898,0,0,129,0,0,0,0,0,207,7,310,0,2,23,0,1921,0,0,138,0,0,0,0,0,39
837,0,0,0,0,0,0,0,0,1901,0,0,129,0,0,0,0,0,207,7,311,0,2,23,0,1922,0,0,138,0,0,0,0,0,39
838,0,0,0,0,0,0,0,0,1904,0,0,129,0,0,0,0,0,207,7,312,0,2,23,0,1923,0,0,138,0,0,0,0,0,39
839,0,0,0,0,0,0,0,0,1907,0,0,129,0,0,0,0,0,207,7,312,0,2,23,0,1924,0,0,138,0,0,0,0,0,39
840,0,0,0,0,0,0,0,0,1910,0,0,129,0,0,0,0,0,207,7,312,0,2,23,0,1927,0,0,138,0,0,0,0,0,39
841,0,0,0,0,0,0,0,0,1914,0,0,129,0,0,0,0,0,208,7,312,0,2,23,0,1929,0,0,138,0,0,0,0,0,39
842,0,0,0,0,0,0,0,0,1915,0,0,129,0,0,0,0,0,208,7,313,0,2,23,0,1932,0,0,138,0,0,0,0,0,39
843,0,0,0,0,0,0,0,0,1917,0,0,129,0,0,0,0,0,208,7,313,0,2,23,0,1932,0,0,138,0,0,0,0,0,39
844,0,0,0,0,0,0,0,0,1920,0,0,129,0,0,0,0,0,208,7,314,0,2,23,0,1937,0,0,138,0,0,0,0,0,39
845,0,0,0,0,0,0,0,0,1922,0,0,129,0,0,0,0,0,208,7,314,0,2,23,0,1939,0,0,138,0,0,0,0,0,39
846,0,0,0,0,0,0,0,0,1925,0,0,129,0,0,0,0,0,208,7,315,0,2,23,0,1940,0,0,139,0,0,0,0,0,39
847,0,0,0,0,0,0,0,0,1926,0,0,129,0,0,0,0,0,208,7,316,0,2,23,0,1940,0,0,139,0,0,0,0,0,39
848,0,0,0,0,0,0,0,0,1928,0,0,129,0,0,0,0,0,208,7,317,0,2,23,0,1943,0,0,139,0,0,0,0,0,39
849,0,0,0,0,0,0,0,0,1928,0,0,129,0,0,0,0,0,208,7,317,0,2,23,0,1946,0,0,139,0,0,0,0,0,39
850,0,0,0,0,0,0,0,0,1929,0,0,129,0,0,0,0,0,208,7,318,0,2,23,0,1947,0,0,139,0,0,0,0,0,39
851,0,0,0,0,0,0,0,0,1931,0,0,129,0,0,0,0,0,209,7,318,0,2,23,0,1950,0,0,139,0,0,0,0,0,39
852,0,0,0,0,0,0,0,0,1934,0,0,129,0,0,0,0,0,209,7,318,0,2,23,0,1951,0,0,139,0,0,0,0,0,39
853,0,0,0,0,0,0,0,0,1938,0,0,129,0,0,0,0,0,209,7,318,0,2,23,0,1954,0,0,139,0,0,0,0,0,39
854,0,0,0,0,0,0,0,0,1940,0,0,129,0,0,0,0,0,209,7,319,0,2,23,0,1956,0,0,140,0,0,0,0,0,39
855,0,0,0,0,0,0,0,0,1941,0,0,129,0,0,0,0,0,209,7,320,0,2,23,0,1958,0,0,140,0,0,0,0,0,39
856,0,0,0,0,0,0,0,0,1942,0,0,129,0,0,0,0,0,210,7,321,0,2,23,0,1961,0,0,140,0,0,0,0,0,39
857,0,0,0,0,0,0,0,0,1944,0,0,129,0,0,0,0,0,210,7,322,0,2,23,0,1963,0,0,140,0,0,0,0,0,39
858,0,0,0,0,0,0,0,0,1947,0,0,129,0,0,0,0,0,211,7,323,0,2,23,0,1965,0,0,140,0,0,0,0,0,39
859,0,0,0,0,0,0,0,0,1948,0,0,129,0,0,0,0,0,211,7,323,0,2,23,0,1965,0,0,140,0,0,0,0,0,39
860,0,0,0,0,0,0,0,0,1950,0,0,129,0,0,0,0,0,211,7,324,0,2,23,0,1966,0,0,140,0,0,0,0,0,39
861,0,0,0,0,0,0,0,0,1954,0,0,129,0,0,0,0,0,211,7,324,0,2,23,0,1967,0,0,140,0,0,0,0,0,39
862,0,0,0,0,0,0,0,0,1956,0,0,129,0,0,0,0,0,211,7,325,0,2,23,0,1968,0,0,140,0,0,0,0,0,39
863,0,0,0,0,0,0,0,0,1958,0,0,129,0,0,0,0,0,212,7,325,0,2,23,0,1969,0,0,140,0,0,0,0,0,39
864,0,0,0,0,0,0,0,0,1962,0,0,129,0,0,0,0,0,212,7,325,0,2,23,0,1970,0,0,140,0,0,0,0,0,39
865,0,0,0,0,0,0,0,0,1965,0,0,129,0,0,0,0,0,212,7,325,0,2,23,0,1973,0,0,141,0,0,0,0,0,39
866,0,0,0,0,0,0,0,0,1967,0,0,129,0,0,0,0,0,212,7,325,0,2,23,0,1976,0,0,141,0,0,0,0,0,39
867,0,0,0,0,0,0,0,0,1969,0,0,129,0,0,0,0,0,212,7,325,0,2,23,0,1978,0,0,141,0,0,0,0,0,40
868,0,0,0,0,0,0,0,0,1973,0,0,129,0,0,0,0,0,212,7,327,0,2,23,0,1979,0,0,141,0,0,0,0,0,40
869,0,0,0,0,0,0,0,0,1976,0,0,129,0,0,0,0,0,212,7,328,0,2,23,0,1981,0,0,141,0,0,0,0,0,40
870,0,0,0,0,0,0,0,0,1978,0,0,129,0,0,0,0,0,212,7,328,0,2,23,0,1984,0,0,141,0,0,0,0,0,40
871,0,0,0,0,0,0,0,0,1981,0,0,129,0,0,0,0,0,212,7,328,0,2,23,0,1984,0,0,141,0,0,0,0,0,40
872,0,0,0,0,0,0,0,0,1984,0,0,129,0,0,0,0,0,213,7,328,0,2,23,0,1985,0,0,141,0,0,0,0,0,40
873,0,0,0,0,0,0,0,0,1986,0,0,129,0,0,0,0,0,213,7,329,0,2,23,0,1986,0,0,141,0,0,0,0,0,40
874,0,0,0,0,0,0,0,0,1989,0,0,129,0,0,0,0,0,213,7,329,0,2,23,0,1988,0,0,141,0,0,0,0,0,40
875,0,0,0,0,0,0,0,0,1993,0,0,129,0,0,0,0,0,214,7,330,0,2,23,0,1990,0,0,141,0,0,0,0,0,40
876,0,0,0,0,0,0,0,0,1995,0,0,129,0,0,0,0,0,214,7,331,0,2,23,0,1992,0,0,141,0,0,0,0,0,40
877,0,0,0,0,0,0,0,0,1997,0,0,129,0,0,0,0,0,214,7,331,0,2,23,0,1998,0,0,141,0,0,0,0,0,40
878,0,0,0,0,0,0,0,0,1999,0,0,129,0,0,0,0,0,214,7,331,0,2,23,0,1999,0,0,142,0,0,0,0,0,40
879,0,0,0,0,0,0,0,0,2002,0,0,129,0,0,0,0,0,214,7,331,0,2,23,0,2004,0,0,142,0,0,0,0,0,40
880,0,0,0,0,0,0,0,0,2004,0,0,129,0,0,0,0,0,214,7,331,0,2,23,0,2006,0,0,142,0,0,0,0,0,40
881,0,0,0,0,0,0,0,0,2008,0,0,129,0,0,0,0,0,214,7,332,0,2,23,0,2007,0,0,142,0,0,0,0,0,40
882,0,0,0,0,0,0,0,0,2011,0,0,129,0,0,0,0,0,215,7,332,0,2,23,0,2007,0,0,142,0,0,0,0,0,40
883,0,0,0,0,0,0,0,0,2013,0,0,129,0,0,0,0,0,215,7,333,0,2,23,0,2012,0,0,142,0,0,0,0,0,40
884,0,0,0,0,0,0,0,0,2014,0,0,129,0,0,0,0,0,216,7,333,0,2,23,0,2013,0,0,142,0,0,0,0,0,40
885,0,0,0,0,0,0,0,0,2017,0,0,129,0,0,0,0,0,216,7,334,0,2,23,0,2015,0,0,142,0,0,0,0,0,40
886,0,0,0,0,0,0,0,0,2019,0,0,129,0,0,0,0,0,217,7,334,0,2,23,0,2020,0,0,142,0,0,0,0,0,40
887,0,0,0,0,0,0,0,0,2021,0,0,129,0,0,0,0,0,218,7,334,0,2,23,0,2021,0,0,142,0,0,0,0,0,40
888,0,0,0,0,0,0,0,0,2025,0,0,129,0,0,0,0,0,218,7,334,0,2,23,0,2022,0,0,142,0,0,0,0,0,40
889,0,0,0,0,0,0,0,0,2027,0,0,129,0,0,0,0,0,218,7,334,0,2,23,0,2026,0,0,142,0,0,0,0,0,40
890,0,0,0,0,0,0,0,0,2028,0,0,129,0,0,0,0,0,219,7,335,0,2,23,0,2028,0,0,142,0,0,0,0,0,41
891,0,0,0,0,0,0,0,0,2029,0,0,129,0,0,0,0,0,219,7,335,0,2,23,0,2032,0,0,143,0,0,0,0,0,41
892,0,0,0,0,0,0,0,0,2032,0,0,129,0,0,0,0,0,219,7,335,0,2,23,0,2034,0,0,145,0,0,0,0,0,41
893,0,0,0,0,0,0,0,0,2033,0,0,129,0,0,0,0,0,220,7,335,0,2,23,0,2037,0,0,145,0,0,0,0,0,41
894,0,0,0,0,0,0,0,0,2036,0,0,129,0,0,0,0,0,220,7,335,0,2,23,0,2039,0,0,145,0,0,0,0,0,41
895,0,0,0,0,0,0,0,0,2037,0,0,129,0,0,0,0,0,221,7,335,0,2,23,0,2042,0,0,146,0,0,0,0,0,41
896,0,0,0,0,0,0,0,0,2040,0,0,129,0,0,0,0,0,221,7,336,0,2,23,0,2047,0,0,146,0,0,0,0,0,41
897,0,0,0,0,0,0,0,0,2044,0,0,129,0,0,0,0,0,222,7,336,0,2,23,0,2048,0,0,146,0,0,0,0,0,41
898,0,0,0,0,0,0,0,0,2048,0,0,129,0,0,0,0,0,222,7,336,0,2,23,0,2049,0,0,146,0,0,0,0,0,41
899,0,0,0,0,0,0,0,0,2050,0,0,129,0,0,0,0,0,223,7,336,0,2,23,0,2049,0,0,146,0,0,0,0,0,41
900,0,0,0,0,0,0,0,0,2051,0,0,129,0,0,0,0,0,224,7,336,0,2,23,0,2051,0,0,146,0,0,0,0,0,41
901,0,0,0,0,0,0,0,0,2053,0,0,129,0,0,0,0,0,224,7,337,0,2,23,0,2051,0,0,146,0,0,0,0,0,41
902,0,0,0,0,0,0,0,0,2054,0,0,129,0,0,0,0,0,226,7,337,0,2,23,0,2055,0,0,146,0,0,0,0,0,41
903,0,0,0,0,0,0,0,0,2056,0,0,129,0,0,0,0,0,226,7,338,0,2,23,0,2056,0,0,146,0,0,0,0,0,41
904,0,0,0,0,0,0,0,0,2059,0,0,129,0,0,0,0,0,226,7,338,0,2,23,0,2057,0,0,146,0,0,0,0,0,41
905,0,0,0,0,0,0,0,0,2061,0,0,129,0,0,0,0,0,226,7,338,0,2,23,0,2060,0,0,146,0,0,0,0,0,41
906,0,0,0,0,0,0,0,0,2064,0,0,129,0,0,0,0,0,226,7,338,0,2,23,0,2062,0,0,146,0,0,0,0,0,42
907,0,0,0,0,0,0,0,0,2067,0,0,129,0,0,0,0,0,226,7,338,0,2,23,0,2064,0,0,146,0,0,0,0,0,42
908,0,0,0,0,0,0,0,0,2069,0,0,129,0,0,0,0,0,226,7,338,0,2,23,0,2066,0,0,146,0,0,0,0,0,42
909,0,0,0,0,0,0,0,0,2071,0,0,129,0,0,0,0,0,227,7,340,0,2,23,0,2067,0,0,146,0,0,0,0,0,42
910,0,0,0,0,0,0,0,0,2074,0,0,129,0,0,0,0,0,227,7,340,0,2,23,0,2068,0,0,146,0,0,0,0,0,42
911,0,0,0,0,0,0,0,0,2077,0,0,129,0,0,0,0,0,227,7,340,0,2,23,0,2072,0,0,146,0,0,0,0,0,42
912,0,0,0,0,0,0,0,0,2079,0,0,129,0,0,0,0,0,227,7,340,0,2,23,0,2076,0,0,146,0,0,0,0,0,42
913,0,0,0,0,0,0,0,0,2080,0,0,129,0,0,0,0,0,227,7,340,0,2,23,0,2077,0,0,146,0,0,0,0,0,42
914,0,0,0,0,0,0,0,0,2080,0,0,129,0,0,0,0,0,228,7,341,0,2,23,0,2078,0,0,147,0,0,0,0,0,42
915,0,0,0,0,0,0,0,0,2083,0,0,129,0,0,0,0,0,228,7,341,0,2,23,0,2081,0,0,147,0,0,0,0,0,42
916,0,0,0,0,0,0,0,0,2084,0,0,129,0,0,0,0,0,229,7,342,0,2,23,0,2081,0,0,147,0,0,0,0,0,42
917,0,0,0,0,0,0,0,0,2087,0,0,129,0,0,0,0,0,229,7,343,0,2,23,0,2082,0,0,148,0,0,0,0,0,42
918,0,0,0,0,0,0,0,0,2091,0,0,129,0,0,0,0,0,229,7,343,0,2,23,0,2084,0,0,149,0,0,0,0,0,42
919,0,0,0,0,0,0,0,0,2093,0,0,129,0,0,0,0,0,231,7,343,0,2,23,0,2085,0,0,149,0,0,0,0,0,42
920,0,0,0,0,0,0,0,0,2098,0,0,129,0,0,0,0,0,232,7,343,0,2,23,0,2088,0,0,149,0,0,0,0,0,42
921,0,0,0,0,0,0,0,0,2100,0,0,129,0,0,0,0,0,232,7,344,0,2,23,0,2090,0,0,149,0,0,0,0,0,42
922,0,0,0,0,0,0,0,0,2101,0,0,129,0,0,0,0,0,232,7,344,0,2,23,0,2092,0,0,149,0,0,0,0,0,42
923,0,0,0,0,0,0,0,0,2103,0,0,129,0,0,0,0,0,232,7,345,0,2,23,0,2097,0,0,149,0,0,0,0,0,42
924,0,0,0,0,0,0,0,0,2107,0,0,129,0,0,0,0,0,233,7,345,0,2,23,0,2100,0,0,149,0,0,0,0,0,42
925,0,0,0,0,0,0,0,0,2110,0,0,129,0,0,0,0,0,233,7,345,0,2,23,0,2101,0,0,149,0,0,0,0,0,42
926,0,0,0,0,0,0,0,0,2112,0,0,129,0,0,0,0,0,233,7,345,0,2,23,0,2103,0,0,150,0,0,0,0,0,42
927,0,0,0,0,0,0,0,0,2115,0,0,129,0,0,0,0,0,233,7,345,0,2,23,0,2107,0,0,150,0,0,0,0,0,42
928,0,0,0,0,0,0,0,0,2115,0,0,129,0,0,0,0,0,234,7,345,0,2,23,0,2110,0,0,151,0,0,0,0,0,42
929,0,0,0,0,0,0,0,0,2116,0,0,129,0,0,0,0,0,234,7,345,0,2,23,0,2113,0,0,151,0,0,0,0,0,42
930,0,0,0,0,0,0,0,0,2118,0,0,129,0,0,0,0,0,234,7,345,0,2,23,0,2114,0,0,152,0,0,0,0,0,42
931,0,0,0,0,0,0,0,0,2122,0,0,129,0,0,0,0,0,234,7,346,0,2,23,0,2114,0,0,152,0,0,0,0,0,42
932,0,0,0,0,0,0,0,0,2124,0,0,129,0,0,0,0,0,234,7,347,0,2,23,0,2115,0,0,152,0,0,0,0,0,42
933,0,0,0,0,0,0,0,0,2127,0,0,129,0,0,0,0,0,234,8,347,0,2,23,0,2115,0,0,152,0,0,0,0,0,42
934,0,0,0,0,0,0,0,0,2128,0,0,129,0,0,0,0,0,234,8,349,0,2,23,0,2116,0,0,152,0,0,0,0,0,42
935,0,0,0,0,0,0,0,0,2129,0,0,129,0,0,0,0,0,235,8,349,0,2,23,0,2119,0,0,152,0,0,0,0,0,42
936,0,0,0,0,0,0,0,0,2133,0,0,129,0,0,0,0,0,237,8,350,0,2,23,0,2122,0,0,152,0,0,0,0,0,42
937,0,0,0,0,0,0,0,0,2136,0,0,129,0,0,0,0,0,237,8,350,0,2,23,0,2123,0,0,152,0,0,0,0,0,42
938,0,0,0,0,0,0,0,0,2137,0,0,129,0,0,0,0,0,237,8,350,0,2,23,0,2125,0,0,152,0,0,0,0,0,42
939,0,0,0,0,0,0,0,0,2139,0,0,129,0,0,0,0,0,237,8,350,0,2,23,0,2127,0,0,152,0,0,0,0,0,42
940,0,0,0,0,0,0,0,0,2140,0,0,129,0,0,0,0,0,237,8,350,0,2,23,0,2128,0,0,152,0,0,0,0,0,42
941,0,0,0,0,0,0,0,0,2142,0,0,129,0,0,0,0,0,237,8,352,0,2,23,0,2130,0,0,152,0,0,0,0,0,42
942,0,0,0,0,0,0,0,0,2143,0,0,129,0,0,0,0,0,238,8,353,0,2,23,0,2132,0,0,152,0,0,0,0,0,43
943,0,0,0,0,0,0,0,0,2146,0,0,129,0,0,0,0,0,238,8,353,0,2,23,0,2134,0,0,153,0,0,0,0,0,43
944,0,0,0,0,0,0,0,0,2148,0,0,129,0,0,0,0,0,239,8,353,0,2,23,0,2136,0,0,153,0,0,0,0,0,43
945,0,0,0,0,0,0,0,0,2149,0,0,129,0,0,0,0,0,239,8,353,0,2,23,0,2141,0,0,153,0,0,0,0,0,43
946,0,0,0,0,0,0,0,0,2150,0,0,129,0,0,0,0,0,239,8,353,0,2,23,0,2142,0,0,154,0,0,0,0,0,43
947,0,0,0,0,0,0,0,0,2151,0,0,129,0,0,0,0,0,240,8,354,0,2,23,0,2143,0,0,155,0,0,0,0,0,43
948,0,0,0,0,0,0,0,0,2151,0,0,129,0,0,0,0,0,240,8,355,0,2,23,0,2145,0,0,155,0,0,0,0,0,43
949,0,0,0,0,0,0,0,0,2153,0,0,129,0,0,0,0,0,240,8,355,0,2,23,0,2146,0,0,155,0,0,0,0,0,43
950,0,0,0,0,0,0,0,0,2156,0,0,129,0,0,0,0,0,240,8,355,0,2,23,0,2148,0,0,155,0,0,0,0,0,43
951,0,0,0,0,0,0,0,0,2157,0,0,129,0,0,0,0,0,241,8,357,0,2,23,0,2149,0,0,155,0,0,0,0,0,43
952,0,0,0,0,0,0,0,0,2157,0,0,129,0,0,0,0,0,241,8,357,0,2,23,0,2150,0,0,156,0,0,0,0,0,43
953,0,0,0,0,0,0,0,0,2160,0,0,129,0,0,0,0,0,241,8,357,0,2,23,0,2152,0,0,156,0,0,0,0,0,43
954,0,0,0,0,0,0,0,0,2163,0,0,129,0,0,0,0,0,241,8,357,0,2,23,0,2155,0,0,156,0,0,0,0,0,43
955,0,0,0,0,0,0,0,0,2163,0,0,129,0,0,0,0,0,241,8,357,0,2,23,0,2157,0,0,156,0,0,0,0,0,43
956,0,0,0,0,0,0,0,0,2164,0,0,129,0,0,0,0,0,241,8,357,0,2,23,0,2162,0,0,156,0,0,0,0,0,43
957,0,0,0,0,0,0,0,0,2166,0,0,129,0,0,0,0,0,242,8,358,0,2,23,0,2164,0,0,156,0,0,0,0,0,43
958,0,0,0,0,0,0,0,0,2168,0,0,129,0,0,0,0,0,242,8,358,0,2,23,0,2166,0,0,156,0,0,0,0,0,43
959,0,0,0,0,0,0,0,0,2172,0,0,129,0,0,0,0,0,242,8,358,0,2,23,0,2167,0,0,156,0,0,0,0,0,43
960,0,0,0,0,0,0,0,0,2173,0,0,129,0,0,0,0,0,243,8,358,0,2,23,0,2168,0,0,157,0,0,0,0,0,43
961,0,0,0,0,0,0,0,0,2176,0,0,129,0,0,0,0,0,243,8,359,0,2,23,0,2171,0,0,157,0,0,0,0,0,43
962,0,0,0,0,0,0,0,0,2180,0,0,129,0,0,0,0,0,243,8,360,0,2,23,0,2172,0,0,158,0,0,0,0,0,43
963,0,0,0,0,0,0,0,0,2182,0,0,129,0,0,0,0,0,243,8,362,0,2,23,0,2174,0,0,159,0,0,0,0,0,43
964,0,0,0,0,0,0,0,0,2183,0,0,129,0,0,0,0,0,243,9,362,0,2,23,0,2177,0,0,159,0,0,0,0,0,43
965,0,0,0,0,0,0,0,0,2186,0,0,129,0,0,0,0,0,243,9,362,0,2,23,0,2184,0,0,159,0,0,0,0,0,43
966,0,0,0,0,0,0,0,0,2189,0,0,129,0,0,0,0,0,244,9,362,0,2,23,0,2186,0,0,159,0,0,0,0,0,43
967,0,0,0,0,0,0,0,0,2193,0,0,129,0,0,0,0,0,244,9,362,0,2,23,0,2188,0,0,159,0,0,0,0,0,43
968,0,0,0,0,0,0,0,0,2196,0,0,129,0,0,0,0,0,244,9,363,0,2,23,0,2189,0,0,159,0,0,0,0,0,43
969,0,0,0,0,0,0,0,0,2198,0,0,129,0,0,0,0,0,244,9,363,0,2,23,0,2191,0,0,160,0,0,0,0,0,43
970,0,0,0,0,0,0,0,0,2199,0,0,129,0,0,0,0,0,244,9,364,0,2,23,0,2193,0,0,160,0,0,0,0,0,43
971,0,0,0,0,0,0,0,0,2200,0,0,129,0,0,0,0,0,244,9,364,0,2,23,0,2195,0,0,160,0,0,0,0,0,43
972,0,0,0,0,0,0,0,0,2200,0,0,129,0,0,0,0,0,244,9,365,0,2,23,0,2197,0,0,160,0,0,0,0,0,43
973,0,0,0,0,0,0,0,0,2203,0,0,129,0,0,0,0,0,244,9,365,0,2,23,0,2201,0,0,160,0,0,0,0,0,43
974,0,0,0,0,0,0,0,0,2204,0,0,129,0,0,0,0,0,244,9,365,0,2,23,0,2203,0,0,161,0,0,0,0,0,43
975,0,0,0,0,0,0,0,0,2206,0,0,129,0,0,0,0,0,244,9,365,0,2,23,0,2206,0,0,161,0,0,0,0,0,43
976,0,0,0,0,0,0,0,0,2209,0,0,129,0,0,0,0,0,244,9,365,0,2,23,0,2208,0,0,161,0,0,0,0,0,43
977,0,0,0,0,0,0,0,0,2211,0,0,129,0,0,0,0,0,245,9,365,0,2,23,0,2210,0,0,162,0,0,0,0,0,43
978,0,0,0,0,0,0,0,0,2212,0,0,129,0,0,0,0,0,245,9,365,0,2,23,0,2211,0,0,162,0,0,0,0,0,43
979,0,0,0,0,0,0,0,0,2216,0,0,129,0,0,0,0,0,245,9,365,0,2,23,0,2216,0,0,163,0,0,0,0,0,43
980,0,0,0,0,0,0,0,0,2217,0,0,129,0,0,0,0,0,245,9,367,0,2,23,0,2218,0,0,163,0,0,0,0,0,43
981,0,0,0,0,0,0,0,0,2220,0,0,129,0,0,0,0,0,245,9,367,0,2,23,0,2220,0,0,164,0,0,0,0,0,43
982,0,0,0,0,0,0,0,0,2221,0,0,129,0,0,0,0,0,245,9,367,0,2,23,0,2223,0,0,164,0,0,0,0,0,43
983,0,0,0,0,0,0,0,0,2223,0,0,129,0,0,0,0,0,245,9,367,0,2,23,0,2225,0,0,165,0,0,0,0,0,43
984,0,0,0,0,0,0,0,0,2226,0,0,129,0,0,0,0,0,246,9,367,0,2,23,0,2226,0,0,165,0,0,0,0,0,43
985,0,0,0,0,0,0,0,0,2229,0,0,129,0,0,0,0,0,246,9,368,0,2,23,0,2228,0,0,166,0,0,0,0,0,43
986,0,0,0,0,0,0,0,0,2230,0,0,129,0,0,0,0,0,247,9,368,0,2,23,0,2233,0,0,166,0,0,0,0,0,43
987,0,0,0,0,0,0,0,0,2231,0,0,129,0,0,0,0,0,248,9,369,0,2,23,0,2233,0,0,167,0,0,0,0,0,43
988,0,0,0,0,0,0,0,0,2234,0,0,129,0,0,0,0,0,248,9,369,0,2,23,0,2237,0,0,167,0,0,0,0,0,43
989,0,0,0,0,0,0,0,0,2237,0,0,129,0,0,0,0,0,248,9,369,0,2,23,0,2241,0,0,167,0,0,0,0,0,43
990,0,0,0,0,0,0,0,0,2239,0,0,129,0,0,0,0,0,248,9,369,0,2,23,0,2245,0,0,167,0,0,0,0,0,43
991,0,0,0,0,0,0,0,0,2243,0,0,129,0,0,0,0,0,248,9,370,0,2,23,0,2246,0,0,167,0,0,0,0,0,43
992,0,0,0,0,0,0,0,0,2246,0,0,129,0,0,0,0,0,248,9,370,0,2,23,0,2252,0,0,167,0,0,0,0,0,43
993,0,0,0,0,0,0,0,0,2248,0,0,129,0,0,0,0,0,248,9,370,0,2,23,0,2254,0,0,167,0,0,0,0,0,43
994,0,0,0,0,0,0,0,0,2251,0,0,129,0,0,0,0,0,250,9,371,0,2,23,0,2255,0,0,167,0,0,0,0,0,43
995,0,0,0,0,0,0,0,0,2252,0,0,129,0,0,0,0,0,250,9,371,0,2,23,0,2256,0,0,167,0,0,0,0,0,43
996,0,0,0,0,0,0,0,0,2253,0,0,129,0,0,0,0,0,250,9,372,0,2,23,0,2260,0,0,167,0,0,0,0,0,43
997,0,0,0,0,0,0,0,0,2256,0,0,129,0,0,0,0,0,251,9,372,0,2,23,0,2263,0,0,167,0,0,0,0,0,43
998,0,0,0,0,0,0,0,0,2259,0,0,129,0,0,0,0,0,251,9,372,0,2,23,0,2263,0,0,167,0,0,0,0,0,43
999,0,0,0,0,0,0,0,0,2259,0,0,129,0,0,0,0,0,251,9,372,0,2,23,0,2263,0,0,167,0,0,0,0,0,43
