silly_walks_mean,silly_walks_med,silly_walks_min,silly_walks_max,silly_walks_std,total_mean,total_med,total_min,total_max,total_std,objective_calls,n_replaced,timestamps,n_failed_obj_computation,n_not_improvers_among_success_obj_computation,n_discarded_tabu,n_discarded_filters,n_discarded_rdfilters,n_discarded_sillywalks,n_discarded_sascore,n_discarded_custom_filter
0.0,0.0,0.0,0.0,0.0,0.0,0.0,0.0,0.0,0.0,0,0,0.0025930404663085938,0,0,0,0,0,0,0,0
0.0,0.0,0.0,0.0,0.0,0.0,0.0,0.0,0.0,0.0,1,1,0.010076522827148438,0,0,1,0,0,0,0,0
0.0,0.0,0.0,0.0,0.0,0.0,0.0,0.0,0.0,0.0,3,2,0.03168606758117676,0,0,4,0,0,0,0,0
0.0,0.0,0.0,0.0,0.0,0.0,0.0,0.0,0.0,0.0,7,4,0.0803685188293457,0,0,13,0,0,0,0,0
0.0,0.0,0.0,0.0,0.0,0.0,0.0,0.0,0.0,0.0,15,8,0.1571049690246582,0,0,7,7,0,7,0,0
0.0,0.0,0.0,0.0,0.0,0.0,0.0,0.0,0.0,0.0,25,10,0.2587118148803711,0,0,7,9,0,9,0,0
0.0,0.0,0.0,0.0,0.0,0.0,0.0,0.0,0.0,0.0,35,10,0.37006664276123047,0,0,3,14,0,14,0,0
0.0,0.0,0.0,0.0,0.0,0.0,0.0,0.0,0.0,0.0,45,10,0.49068546295166016,0,0,12,13,0,13,0,0
0.0,0.0,0.0,0.0,0.0,0.0,0.0,0.0,0.0,0.0,55,10,0.6083152294158936,0,0,10,9,0,9,0,0
0.0,0.0,0.0,0.0,0.0,0.0,0.0,0.0,0.0,0.0,65,10,0.8047707080841064,0,0,26,19,0,19,0,0
0.0,0.0,0.0,0.0,0.0,0.0,0.0,0.0,0.0,0.0,75,10,0.928757905960083,0,0,27,5,0,5,0,0
0.0,0.0,0.0,0.0,0.0,0.0,0.0,0.0,0.0,0.0,85,10,1.1895599365234375,0,0,63,13,0,13,0,0
0.0,0.0,0.0,0.0,0.0,0.0,0.0,0.0,0.0,0.0,95,10,1.35178542137146,0,0,17,15,0,15,0,0
0.0,0.0,0.0,0.0,0.0,0.0,0.0,0.0,0.0,0.0,105,10,1.6828806400299072,0,0,64,33,0,33,0,0
0.0,0.0,0.0,0.0,0.0,0.0,0.0,0.0,0.0,0.0,115,10,1.9935870170593262,0,0,61,27,0,27,0,0
0.0,0.0,0.0,0.0,0.0,0.0,0.0,0.0,0.0,0.0,125,10,2.2439186573028564,0,0,58,17,0,17,0,0
0.0,0.0,0.0,0.0,0.0,0.0,0.0,0.0,0.0,0.0,135,10,2.492459774017334,0,0,54,17,0,17,0,0
0.0,0.0,0.0,0.0,0.0,0.0,0.0,0.0,0.0,0.0,145,10,2.7382466793060303,0,0,65,12,0,12,0,0
0.0,0.0,0.0,0.0,0.0,0.0,0.0,0.0,0.0,0.0,155,10,3.017672300338745,0,0,60,23,0,23,0,0
0.0,0.0,0.0,0.0,0.0,0.0,0.0,0.0,0.0,0.0,165,10,3.303379535675049,0,0,56,31,0,31,0,0
0.0,0.0,0.0,0.0,0.0,0.0,0.0,0.0,0.0,0.0,175,10,3.6127564907073975,0,0,69,26,0,26,0,0
0.0,0.0,0.0,0.0,0.0,0.0,0.0,0.0,0.0,0.0,185,10,3.884164810180664,0,0,62,21,0,21,0,0
0.0,0.0,0.0,0.0,0.0,0.0,0.0,0.0,0.0,0.0,195,10,4.102236747741699,0,0,50,13,0,13,0,0
0.0,0.0,0.0,0.0,0.0,0.0,0.0,0.0,0.0,0.0,205,10,4.532657861709595,0,0,79,24,0,24,0,0
0.0,0.0,0.0,0.0,0.0,0.0,0.0,0.0,0.0,0.0,215,10,4.794978857040405,0,0,54,25,0,25,0,0
0.0,0.0,0.0,0.0,0.0,0.0,0.0,0.0,0.0,0.0,225,10,5.006455898284912,0,0,51,13,0,13,0,0
0.0,0.0,0.0,0.0,0.0,0.0,0.0,0.0,0.0,0.0,235,10,5.3323073387146,0,0,60,30,0,30,0,0
0.0,0.0,0.0,0.0,0.0,0.0,0.0,0.0,0.0,0.0,245,10,5.5751402378082275,0,0,61,15,0,15,0,0
0.0,0.0,0.0,0.0,0.0,0.0,0.0,0.0,0.0,0.0,255,10,5.866609573364258,0,0,60,23,0,23,0,0
0.0,0.0,0.0,0.0,0.0,0.0,0.0,0.0,0.0,0.0,265,10,6.082327127456665,0,0,53,14,0,14,0,0
0.0,0.0,0.0,0.0,0.0,0.0,0.0,0.0,0.0,0.0,275,10,6.479665994644165,0,0,74,37,0,37,0,0
0.0,0.0,0.0,0.0,0.0,0.0,0.0,0.0,0.0,0.0,285,10,6.915531873703003,0,0,64,49,0,49,0,0
0.0,0.0,0.0,0.0,0.0,0.0,0.0,0.0,0.0,0.0,295,10,7.270191192626953,0,0,62,35,0,35,0,0
0.0,0.0,0.0,0.0,0.0,0.0,0.0,0.0,0.0,0.0,305,10,7.480985879898071,0,0,55,13,0,13,0,0
0.0,0.0,0.0,0.0,0.0,0.0,0.0,0.0,0.0,0.0,315,10,7.783873558044434,0,0,69,20,0,20,0,0
0.0,0.0,0.0,0.0,0.0,0.0,0.0,0.0,0.0,0.0,325,10,7.973292350769043,0,0,51,9,0,9,0,0
0.0,0.0,0.0,0.0,0.0,0.0,0.0,0.0,0.0,0.0,335,10,8.284999132156372,0,0,61,26,0,26,0,0
0.0,0.0,0.0,0.0,0.0,0.0,0.0,0.0,0.0,0.0,345,10,8.50423789024353,0,0,56,12,0,12,0,0
0.0,0.0,0.0,0.0,0.0,0.0,0.0,0.0,0.0,0.0,355,10,8.79259443283081,0,0,60,19,0,19,0,0
0.0,0.0,0.0,0.0,0.0,0.0,0.0,0.0,0.0,0.0,365,10,9.021512985229492,0,0,52,17,0,17,0,0
0.0,0.0,0.0,0.0,0.0,0.0,0.0,0.0,0.0,0.0,375,10,9.263150215148926,0,0,62,10,0,10,0,0
0.0,0.0,0.0,0.0,0.0,0.0,0.0,0.0,0.0,0.0,385,10,9.489661931991577,0,0,55,13,0,13,0,0
0.0,0.0,0.0,0.0,0.0,0.0,0.0,0.0,0.0,0.0,395,10,9.712546586990356,0,0,56,10,0,10,0,0
0.0,0.0,0.0,0.0,0.0,0.0,0.0,0.0,0.0,0.0,405,10,10.013771533966064,0,0,67,18,0,18,0,0
0.0,0.0,0.0,0.0,0.0,0.0,0.0,0.0,0.0,0.0,415,10,10.4493989944458,0,0,71,47,0,47,0,0
0.0,0.0,0.0,0.0,0.0,0.0,0.0,0.0,0.0,0.0,425,10,10.715203046798706,0,0,56,24,0,24,0,0
0.0,0.0,0.0,0.0,0.0,0.0,0.0,0.0,0.0,0.0,435,10,11.064820766448975,0,0,53,36,0,36,0,0
0.0,0.0,0.0,0.0,0.0,0.0,0.0,0.0,0.0,0.0,445,10,11.341728210449219,0,0,52,21,0,21,0,0
0.0,0.0,0.0,0.0,0.0,0.0,0.0,0.0,0.0,0.0,455,10,11.587074518203735,0,0,68,11,0,11,0,0
0.0,0.0,0.0,0.0,0.0,0.0,0.0,0.0,0.0,0.0,465,10,11.922121047973633,0,0,63,29,0,29,0,0
0.0,0.0,0.0,0.0,0.0,0.0,0.0,0.0,0.0,0.0,475,10,12.169681787490845,0,0,58,17,0,17,0,0
0.0,0.0,0.0,0.0,0.0,0.0,0.0,0.0,0.0,0.0,485,10,12.462878942489624,0,0,65,27,0,27,0,0
0.0,0.0,0.0,0.0,0.0,0.0,0.0,0.0,0.0,0.0,495,10,12.680277585983276,0,0,57,9,0,9,0,0
0.0,0.0,0.0,0.0,0.0,0.0,0.0,0.0,0.0,0.0,505,10,12.95156717300415,0,0,52,23,0,23,0,0
0.0,0.0,0.0,0.0,0.0,0.0,0.0,0.0,0.0,0.0,515,10,13.20500373840332,0,0,54,20,0,20,0,0
0.0,0.0,0.0,0.0,0.0,0.0,0.0,0.0,0.0,0.0,525,10,13.494041681289673,0,0,57,22,0,22,0,0
0.0,0.0,0.0,0.0,0.0,0.0,0.0,0.0,0.0,0.0,535,10,13.726513385772705,0,0,49,16,0,16,0,0
0.0,0.0,0.0,0.0,0.0,0.0,0.0,0.0,0.0,0.0,545,10,14.09968113899231,0,0,63,35,0,35,0,0
0.0,0.0,0.0,0.0,0.0,0.0,0.0,0.0,0.0,0.0,555,10,14.303082466125488,0,0,58,6,0,6,0,0
0.0,0.0,0.0,0.0,0.0,0.0,0.0,0.0,0.0,0.0,565,10,14.608092069625854,0,0,60,26,0,26,0,0
0.0,0.0,0.0,0.0,0.0,0.0,0.0,0.0,0.0,0.0,575,10,14.877683401107788,0,0,63,20,0,20,0,0
0.0,0.0,0.0,0.0,0.0,0.0,0.0,0.0,0.0,0.0,585,10,15.15190315246582,0,0,61,21,0,21,0,0
0.0,0.0,0.0,0.0,0.0,0.0,0.0,0.0,0.0,0.0,595,10,15.399961948394775,0,0,52,18,0,18,0,0
0.0,0.0,0.0,0.0,0.0,0.0,0.0,0.0,0.0,0.0,605,10,15.63165545463562,0,0,55,15,0,15,0,0
0.0,0.0,0.0,0.0,0.0,0.0,0.0,0.0,0.0,0.0,615,10,15.978919267654419,0,0,59,34,0,34,0,0
0.0,0.0,0.0,0.0,0.0,0.0,0.0,0.0,0.0,0.0,625,10,16.314905405044556,0,0,61,34,0,34,0,0
0.0,0.0,0.0,0.0,0.0,0.0,0.0,0.0,0.0,0.0,635,10,16.621013164520264,0,0,52,30,0,30,0,0
0.0,0.0,0.0,0.0,0.0,0.0,0.0,0.0,0.0,0.0,645,10,16.882625341415405,0,0,51,21,0,21,0,0
0.0,0.0,0.0,0.0,0.0,0.0,0.0,0.0,0.0,0.0,655,10,17.10835337638855,0,0,50,16,0,16,0,0
0.0,0.0,0.0,0.0,0.0,0.0,0.0,0.0,0.0,0.0,665,10,17.570268869400024,0,0,80,50,0,50,0,0
0.0,0.0,0.0,0.0,0.0,0.0,0.0,0.0,0.0,0.0,675,10,17.887970685958862,0,0,59,27,0,27,0,0
0.0,0.0,0.0,0.0,0.0,0.0,0.0,0.0,0.0,0.0,685,10,18.215133666992188,0,0,63,33,0,33,0,0
0.0,0.0,0.0,0.0,0.0,0.0,0.0,0.0,0.0,0.0,695,10,18.502840042114258,0,0,62,13,0,13,0,0
0.0,0.0,0.0,0.0,0.0,0.0,0.0,0.0,0.0,0.0,705,10,18.68274998664856,0,0,50,5,0,5,0,0
0.0,0.0,0.0,0.0,0.0,0.0,0.0,0.0,0.0,0.0,715,10,19.141056776046753,0,0,61,53,0,53,0,0
0.0,0.0,0.0,0.0,0.0,0.0,0.0,0.0,0.0,0.0,725,10,19.32946801185608,0,0,53,8,0,8,0,0
0.0,0.0,0.0,0.0,0.0,0.0,0.0,0.0,0.0,0.0,735,10,19.649121284484863,0,0,55,30,0,30,0,0
0.0,0.0,0.0,0.0,0.0,0.0,0.0,0.0,0.0,0.0,745,10,20.049100399017334,0,0,62,38,0,38,0,0
0.0,0.0,0.0,0.0,0.0,0.0,0.0,0.0,0.0,0.0,755,10,20.292736530303955,0,0,52,17,0,17,0,0
0.0,0.0,0.0,0.0,0.0,0.0,0.0,0.0,0.0,0.0,765,10,20.519411325454712,0,0,54,10,0,10,0,0
0.0,0.0,0.0,0.0,0.0,0.0,0.0,0.0,0.0,0.0,775,10,20.82994842529297,0,0,53,25,0,25,0,0
0.0,0.0,0.0,0.0,0.0,0.0,0.0,0.0,0.0,0.0,785,10,21.030134201049805,0,0,50,13,0,13,0,0
0.0,0.0,0.0,0.0,0.0,0.0,0.0,0.0,0.0,0.0,795,10,21.254571199417114,0,0,48,12,0,12,0,0
0.0,0.0,0.0,0.0,0.0,0.0,0.0,0.0,0.0,0.0,805,10,21.603339910507202,0,0,70,22,0,22,0,0
0.0,0.0,0.0,0.0,0.0,0.0,0.0,0.0,0.0,0.0,815,10,21.942418813705444,0,0,58,28,0,28,0,0
0.0,0.0,0.0,0.0,0.0,0.0,0.0,0.0,0.0,0.0,825,10,22.320011377334595,0,0,66,39,0,39,0,0
0.0,0.0,0.0,0.0,0.0,0.0,0.0,0.0,0.0,0.0,835,10,22.605008840560913,0,0,60,22,0,22,0,0
0.0,0.0,0.0,0.0,0.0,0.0,0.0,0.0,0.0,0.0,845,10,22.881524324417114,0,0,52,29,0,29,0,0
0.0,0.0,0.0,0.0,0.0,0.0,0.0,0.0,0.0,0.0,855,10,23.12561869621277,0,0,54,14,0,14,0,0
0.0,0.0,0.0,0.0,0.0,0.0,0.0,0.0,0.0,0.0,865,10,23.392077684402466,0,0,57,15,0,15,0,0
0.0,0.0,0.0,0.0,0.0,0.0,0.0,0.0,0.0,0.0,875,10,23.669665098190308,0,0,52,24,0,24,0,0
0.0,0.0,0.0,0.0,0.0,0.0,0.0,0.0,0.0,0.0,885,10,24.05215883255005,0,0,64,36,0,36,0,0
0.0,0.0,0.0,0.0,0.0,0.0,0.0,0.0,0.0,0.0,895,10,24.36161231994629,0,0,67,18,0,18,0,0
0.0,0.0,0.0,0.0,0.0,0.0,0.0,0.0,0.0,0.0,905,10,24.680009841918945,0,0,56,27,0,27,0,0
0.0,0.0,0.0,0.0,0.0,0.0,0.0,0.0,0.0,0.0,915,10,24.91010093688965,0,0,52,16,0,16,0,0
0.0,0.0,0.0,0.0,0.0,0.0,0.0,0.0,0.0,0.0,925,10,25.19799304008484,0,0,64,20,0,20,0,0
0.0,0.0,0.0,0.0,0.0,0.0,0.0,0.0,0.0,0.0,935,10,25.428022146224976,0,0,58,11,0,11,0,0
0.0,0.0,0.0,0.0,0.0,0.0,0.0,0.0,0.0,0.0,945,10,25.70324468612671,0,0,59,17,0,17,0,0
0.0,0.0,0.0,0.0,0.0,0.0,0.0,0.0,0.0,0.0,955,10,26.06560182571411,0,0,75,27,0,27,0,0
0.0,0.0,0.0,0.0,0.0,0.0,0.0,0.0,0.0,0.0,965,10,26.36643671989441,0,0,62,21,0,21,0,0
0.0,0.0,0.0,0.0,0.0,0.0,0.0,0.0,0.0,0.0,975,10,26.74646544456482,0,0,63,43,0,43,0,0
0.0,0.0,0.0,0.0,0.0,0.0,0.0,0.0,0.0,0.0,985,10,27.021487712860107,0,0,57,19,0,19,0,0
0.0,0.0,0.0,0.0,0.0,0.0,0.0,0.0,0.0,0.0,995,10,27.32377600669861,0,0,60,25,0,25,0,0
0.0,0.0,0.0,0.0,0.0,0.0,0.0,0.0,0.0,0.0,1005,10,27.578712940216064,0,0,52,15,0,15,0,0
0.0,0.0,0.0,0.0,0.0,0.0,0.0,0.0,0.0,0.0,1015,10,27.954471826553345,0,0,61,35,0,35,0,0
0.0,0.0,0.0,0.0,0.0,0.0,0.0,0.0,0.0,0.0,1025,10,28.371243000030518,0,0,65,44,0,44,0,0
0.0,0.0,0.0,0.0,0.0,0.0,0.0,0.0,0.0,0.0,1035,10,28.744832754135132,0,0,68,30,0,30,0,0
0.0,0.0,0.0,0.0,0.0,0.0,0.0,0.0,0.0,0.0,1045,10,29.025960445404053,0,0,58,22,0,22,0,0
0.0,0.0,0.0,0.0,0.0,0.0,0.0,0.0,0.0,0.0,1055,10,29.28562569618225,0,0,59,18,0,18,0,0
0.0,0.0,0.0,0.0,0.0,0.0,0.0,0.0,0.0,0.0,1065,10,29.594760417938232,0,0,61,24,0,24,0,0
0.0,0.0,0.0,0.0,0.0,0.0,0.0,0.0,0.0,0.0,1075,10,29.9334659576416,0,0,58,28,0,28,0,0
0.0,0.0,0.0,0.0,0.0,0.0,0.0,0.0,0.0,0.0,1085,10,30.419909954071045,0,0,79,50,0,50,0,0
0.0,0.0,0.0,0.0,0.0,0.0,0.0,0.0,0.0,0.0,1095,10,30.786749839782715,0,0,70,31,0,31,0,0
0.0,0.0,0.0,0.0,0.0,0.0,0.0,0.0,0.0,0.0,1105,10,31.2931911945343,0,0,85,54,0,54,0,0
0.0,0.0,0.0,0.0,0.0,0.0,0.0,0.0,0.0,0.0,1115,10,31.655359983444214,0,0,66,28,0,28,0,0
0.0,0.0,0.0,0.0,0.0,0.0,0.0,0.0,0.0,0.0,1125,10,31.946128368377686,0,0,61,21,0,21,0,0
0.0,0.0,0.0,0.0,0.0,0.0,0.0,0.0,0.0,0.0,1135,10,32.29615139961243,0,0,77,27,0,27,0,0
0.0,0.0,0.0,0.0,0.0,0.0,0.0,0.0,0.0,0.0,1145,10,32.59898543357849,0,0,59,21,0,21,0,0
0.0,0.0,0.0,0.0,0.0,0.0,0.0,0.0,0.0,0.0,1155,10,33.019251585006714,0,0,68,43,0,43,0,0
0.0,0.0,0.0,0.0,0.0,0.0,0.0,0.0,0.0,0.0,1165,10,33.57916808128357,0,0,90,55,0,55,0,0
0.0,0.0,0.0,0.0,0.0,0.0,0.0,0.0,0.0,0.0,1175,10,33.9109833240509,0,0,65,30,0,30,0,0
0.0,0.0,0.0,0.0,0.0,0.0,0.0,0.0,0.0,0.0,1185,10,34.291029930114746,0,0,65,39,0,39,0,0
0.0,0.0,0.0,0.0,0.0,0.0,0.0,0.0,0.0,0.0,1195,10,34.615113735198975,0,0,57,34,0,34,0,0
0.0,0.0,0.0,0.0,0.0,0.0,0.0,0.0,0.0,0.0,1205,10,34.96368455886841,0,0,71,33,0,33,0,0
0.0,0.0,0.0,0.0,0.0,0.0,0.0,0.0,0.0,0.0,1215,10,35.363598585128784,0,0,74,34,0,34,0,0
0.0,0.0,0.0,0.0,0.0,0.0,0.0,0.0,0.0,0.0,1225,10,35.79133200645447,0,0,71,44,0,44,0,0
0.0,0.0,0.0,0.0,0.0,0.0,0.0,0.0,0.0,0.0,1235,10,36.24091625213623,0,0,85,39,0,39,0,0
0.0,0.0,0.0,0.0,0.0,0.0,0.0,0.0,0.0,0.0,1245,10,36.625425577163696,0,0,71,36,0,36,0,0
0.0,0.0,0.0,0.0,0.0,0.0,0.0,0.0,0.0,0.0,1255,10,36.96572232246399,0,0,68,25,0,25,0,0
0.0,0.0,0.0,0.0,0.0,0.0,0.0,0.0,0.0,0.0,1265,10,37.236544609069824,0,0,58,17,0,17,0,0
0.0,0.0,0.0,0.0,0.0,0.0,0.0,0.0,0.0,0.0,1275,10,37.56788206100464,0,0,64,26,0,26,0,0
0.0,0.0,0.0,0.0,0.0,0.0,0.0,0.0,0.0,0.0,1285,10,37.96548366546631,0,0,70,32,0,32,0,0
0.0,0.0,0.0,0.0,0.0,0.0,0.0,0.0,0.0,0.0,1295,10,38.35556483268738,0,0,70,34,0,34,0,0
0.0,0.0,0.0,0.0,0.0,0.0,0.0,0.0,0.0,0.0,1305,10,38.76458144187927,0,0,72,43,0,43,0,0
0.0,0.0,0.0,0.0,0.0,0.0,0.0,0.0,0.0,0.0,1315,10,39.09554862976074,0,0,64,29,0,29,0,0
0.0,0.0,0.0,0.0,0.0,0.0,0.0,0.0,0.0,0.0,1325,10,39.51629042625427,0,0,67,43,0,43,0,0
0.0,0.0,0.0,0.0,0.0,0.0,0.0,0.0,0.0,0.0,1335,10,39.8863091468811,0,0,70,34,0,34,0,0
0.0,0.0,0.0,0.0,0.0,0.0,0.0,0.0,0.0,0.0,1345,10,40.56223654747009,0,0,92,84,0,84,0,0
0.0,0.0,0.0,0.0,0.0,0.0,0.0,0.0,0.0,0.0,1355,10,40.90151834487915,0,0,58,31,0,31,0,0
0.0,0.0,0.0,0.0,0.0,0.0,0.0,0.0,0.0,0.0,1365,10,41.33404731750488,0,0,78,39,0,39,0,0
0.0,0.0,0.0,0.0,0.0,0.0,0.0,0.0,0.0,0.0,1375,10,41.6491641998291,0,0,57,25,0,25,0,0
0.0,0.0,0.0,0.0,0.0,0.0,0.0,0.0,0.0,0.0,1385,10,42.12223982810974,0,0,84,49,0,49,0,0
0.0,0.0,0.0,0.0,0.0,0.0,0.0,0.0,0.0,0.0,1395,10,42.536609172821045,0,0,67,35,0,35,0,0
0.0,0.0,0.0,0.0,0.0,0.0,0.0,0.0,0.0,0.0,1405,10,42.826743364334106,0,0,61,21,0,21,0,0
0.0,0.0,0.0,0.0,0.0,0.0,0.0,0.0,0.0,0.0,1415,10,43.16173267364502,0,0,60,30,0,30,0,0
0.0,0.0,0.0,0.0,0.0,0.0,0.0,0.0,0.0,0.0,1425,10,43.69634747505188,0,0,74,66,0,66,0,0
0.0,0.0,0.0,0.0,0.0,0.0,0.0,0.0,0.0,0.0,1435,10,44.1977264881134,0,0,75,56,0,56,0,0
0.0,0.0,0.0,0.0,0.0,0.0,0.0,0.0,0.0,0.0,1445,10,44.54511570930481,0,0,64,32,0,32,0,0
0.0,0.0,0.0,0.0,0.0,0.0,0.0,0.0,0.0,0.0,1455,10,44.85770630836487,0,0,66,23,0,23,0,0
0.0,0.0,0.0,0.0,0.0,0.0,0.0,0.0,0.0,0.0,1465,10,45.17454242706299,0,0,60,23,0,23,0,0
0.0,0.0,0.0,0.0,0.0,0.0,0.0,0.0,0.0,0.0,1475,10,45.49405312538147,0,0,63,23,0,23,0,0
0.0,0.0,0.0,0.0,0.0,0.0,0.0,0.0,0.0,0.0,1485,10,45.8380343914032,0,0,60,31,0,31,0,0
0.0,0.0,0.0,0.0,0.0,0.0,0.0,0.0,0.0,0.0,1495,10,46.216439962387085,0,0,67,35,0,35,0,0
0.0,0.0,0.0,0.0,0.0,0.0,0.0,0.0,0.0,0.0,1505,10,46.58461141586304,0,0,61,37,0,37,0,0
0.0,0.0,0.0,0.0,0.0,0.0,0.0,0.0,0.0,0.0,1515,10,46.870402812957764,0,0,67,16,0,16,0,0
0.0,0.0,0.0,0.0,0.0,0.0,0.0,0.0,0.0,0.0,1525,10,47.21940469741821,0,0,61,33,0,33,0,0
0.0,0.0,0.0,0.0,0.0,0.0,0.0,0.0,0.0,0.0,1535,10,47.645838499069214,0,0,75,42,0,42,0,0
0.0,0.0,0.0,0.0,0.0,0.0,0.0,0.0,0.0,0.0,1545,10,48.073917627334595,0,0,80,40,0,40,0,0
0.0,0.0,0.0,0.0,0.0,0.0,0.0,0.0,0.0,0.0,1555,10,48.43473505973816,0,0,67,31,0,31,0,0
0.0,0.0,0.0,0.0,0.0,0.0,0.0,0.0,0.0,0.0,1565,10,48.9228937625885,0,0,77,53,0,53,0,0
0.0,0.0,0.0,0.0,0.0,0.0,0.0,0.0,0.0,0.0,1575,10,49.28387475013733,0,0,70,32,0,32,0,0
0.0,0.0,0.0,0.0,0.0,0.0,0.0,0.0,0.0,0.0,1585,10,49.76359152793884,0,0,77,51,0,51,0,0
0.0,0.0,0.0,0.0,0.0,0.0,0.0,0.0,0.0,0.0,1595,10,50.018874645233154,0,0,52,16,0,16,0,0
0.0,0.0,0.0,0.0,0.0,0.0,0.0,0.0,0.0,0.0,1605,10,50.27289628982544,0,0,64,11,0,11,0,0
0.0,0.0,0.0,0.0,0.0,0.0,0.0,0.0,0.0,0.0,1615,10,50.53202557563782,0,0,61,13,0,13,0,0
0.0,0.0,0.0,0.0,0.0,0.0,0.0,0.0,0.0,0.0,1625,10,50.79578900337219,0,0,55,16,0,16,0,0
0.0,0.0,0.0,0.0,0.0,0.0,0.0,0.0,0.0,0.0,1635,10,51.164260387420654,0,0,67,34,0,34,0,0
0.0,0.0,0.0,0.0,0.0,0.0,0.0,0.0,0.0,0.0,1645,10,51.54627346992493,0,0,67,40,0,40,0,0
0.0,0.0,0.0,0.0,0.0,0.0,0.0,0.0,0.0,0.0,1655,10,51.88751721382141,0,0,60,23,0,23,0,0
0.0,0.0,0.0,0.0,0.0,0.0,0.0,0.0,0.0,0.0,1665,10,52.12841296195984,0,0,55,11,0,11,0,0
0.0,0.0,0.0,0.0,0.0,0.0,0.0,0.0,0.0,0.0,1675,10,52.51020932197571,0,0,71,28,0,28,0,0
0.0,0.0,0.0,0.0,0.0,0.0,0.0,0.0,0.0,0.0,1685,10,53.00092005729675,0,0,83,49,0,49,0,0
0.0,0.0,0.0,0.0,0.0,0.0,0.0,0.0,0.0,0.0,1695,10,53.47180199623108,0,0,81,45,0,45,0,0
0.0,0.0,0.0,0.0,0.0,0.0,0.0,0.0,0.0,0.0,1705,10,53.75854730606079,0,0,54,21,0,21,0,0
0.0,0.0,0.0,0.0,0.0,0.0,0.0,0.0,0.0,0.0,1715,10,54.12192511558533,0,0,67,30,0,30,0,0
0.0,0.0,0.0,0.0,0.0,0.0,0.0,0.0,0.0,0.0,1725,10,54.55240035057068,0,0,62,42,0,42,0,0
0.0,0.0,0.0,0.0,0.0,0.0,0.0,0.0,0.0,0.0,1735,10,54.95788860321045,0,0,65,41,0,41,0,0
0.0,0.0,0.0,0.0,0.0,0.0,0.0,0.0,0.0,0.0,1745,10,55.32175540924072,0,0,69,31,0,31,0,0
0.0,0.0,0.0,0.0,0.0,0.0,0.0,0.0,0.0,0.0,1755,10,55.623759746551514,0,0,60,20,0,20,0,0
0.0,0.0,0.0,0.0,0.0,0.0,0.0,0.0,0.0,0.0,1765,10,55.918593406677246,0,0,56,18,0,18,0,0
0.0,0.0,0.0,0.0,0.0,0.0,0.0,0.0,0.0,0.0,1775,10,56.24824070930481,0,0,66,20,0,20,0,0
0.0,0.0,0.0,0.0,0.0,0.0,0.0,0.0,0.0,0.0,1785,10,56.704795598983765,0,0,76,45,0,45,0,0
0.0,0.0,0.0,0.0,0.0,0.0,0.0,0.0,0.0,0.0,1795,10,56.970550775527954,0,0,55,15,0,15,0,0
0.0,0.0,0.0,0.0,0.0,0.0,0.0,0.0,0.0,0.0,1805,10,57.38126540184021,0,0,70,42,0,42,0,0
0.0,0.0,0.0,0.0,0.0,0.0,0.0,0.0,0.0,0.0,1815,10,57.772804498672485,0,0,66,33,0,33,0,0
0.0,0.0,0.0,0.0,0.0,0.0,0.0,0.0,0.0,0.0,1825,10,58.07438015937805,0,0,66,21,0,21,0,0
0.0,0.0,0.0,0.0,0.0,0.0,0.0,0.0,0.0,0.0,1835,10,58.324708223342896,0,0,56,15,0,15,0,0
0.0,0.0,0.0,0.0,0.0,0.0,0.0,0.0,0.0,0.0,1845,10,58.704360008239746,0,0,79,32,0,32,0,0
0.0,0.0,0.0,0.0,0.0,0.0,0.0,0.0,0.0,0.0,1855,10,59.11178421974182,0,0,71,38,0,38,0,0
0.0,0.0,0.0,0.0,0.0,0.0,0.0,0.0,0.0,0.0,1865,10,59.46561121940613,0,0,65,28,0,28,0,0
0.0,0.0,0.0,0.0,0.0,0.0,0.0,0.0,0.0,0.0,1875,10,59.84412360191345,0,0,71,33,0,33,0,0
0.0,0.0,0.0,0.0,0.0,0.0,0.0,0.0,0.0,0.0,1885,10,60.206990003585815,0,0,64,31,0,31,0,0
0.0,0.0,0.0,0.0,0.0,0.0,0.0,0.0,0.0,0.0,1895,10,60.494391202926636,0,0,64,15,0,15,0,0
0.0,0.0,0.0,0.0,0.0,0.0,0.0,0.0,0.0,0.0,1905,10,60.96555233001709,0,0,61,53,0,53,0,0
0.0,0.0,0.0,0.0,0.0,0.0,0.0,0.0,0.0,0.0,1915,10,61.33319926261902,0,0,65,32,0,32,0,0
0.0,0.0,0.0,0.0,0.0,0.0,0.0,0.0,0.0,0.0,1925,10,61.59675145149231,0,0,59,15,0,15,0,0
0.0,0.0,0.0,0.0,0.0,0.0,0.0,0.0,0.0,0.0,1935,10,61.98379683494568,0,0,68,30,0,30,0,0
0.0,0.0,0.0,0.0,0.0,0.0,0.0,0.0,0.0,0.0,1945,10,62.37980914115906,0,0,67,38,0,38,0,0
0.0,0.0,0.0,0.0,0.0,0.0,0.0,0.0,0.0,0.0,1955,10,62.713356733322144,0,0,65,22,0,22,0,0
0.0,0.0,0.0,0.0,0.0,0.0,0.0,0.0,0.0,0.0,1965,10,63.053080558776855,0,0,66,28,0,28,0,0
0.0,0.0,0.0,0.0,0.0,0.0,0.0,0.0,0.0,0.0,1975,10,63.42546772956848,0,0,69,28,0,28,0,0
0.0,0.0,0.0,0.0,0.0,0.0,0.0,0.0,0.0,0.0,1985,10,63.76498866081238,0,0,59,28,0,28,0,0
0.0,0.0,0.0,0.0,0.0,0.0,0.0,0.0,0.0,0.0,1995,10,64.32350587844849,0,0,91,60,0,60,0,0
0.0,0.0,0.0,0.0,0.0,0.0,0.0,0.0,0.0,0.0,2005,10,64.64634585380554,0,0,52,30,0,30,0,0
0.0,0.0,0.0,0.0,0.0,0.0,0.0,0.0,0.0,0.0,2015,10,65.01121282577515,0,0,68,29,0,29,0,0
0.0,0.0,0.0,0.0,0.0,0.0,0.0,0.0,0.0,0.0,2025,10,65.34249520301819,0,0,69,21,0,21,0,0
0.0,0.0,0.0,0.0,0.0,0.0,0.0,0.0,0.0,0.0,2035,10,65.66916394233704,0,0,67,23,0,23,0,0
0.0,0.0,0.0,0.0,0.0,0.0,0.0,0.0,0.0,0.0,2045,10,66.26732397079468,0,0,87,70,0,70,0,0
0.0,0.0,0.0,0.0,0.0,0.0,0.0,0.0,0.0,0.0,2055,10,66.61856651306152,0,0,64,30,0,30,0,0
0.0,0.0,0.0,0.0,0.0,0.0,0.0,0.0,0.0,0.0,2065,10,67.07857704162598,0,0,72,43,0,43,0,0
0.0,0.0,0.0,0.0,0.0,0.0,0.0,0.0,0.0,0.0,2075,10,67.42901659011841,0,0,67,22,0,22,0,0
0.0,0.0,0.0,0.0,0.0,0.0,0.0,0.0,0.0,0.0,2085,10,67.7204487323761,0,0,57,22,0,22,0,0
0.0,0.0,0.0,0.0,0.0,0.0,0.0,0.0,0.0,0.0,2095,10,68.09121680259705,0,0,78,32,0,32,0,0
0.0,0.0,0.0,0.0,0.0,0.0,0.0,0.0,0.0,0.0,2105,10,68.33476781845093,0,0,54,12,0,12,0,0
0.0,0.0,0.0,0.0,0.0,0.0,0.0,0.0,0.0,0.0,2115,10,68.74565482139587,0,0,60,38,0,38,0,0
0.0,0.0,0.0,0.0,0.0,0.0,0.0,0.0,0.0,0.0,2125,10,69.03090786933899,0,0,57,17,0,17,0,0
0.0,0.0,0.0,0.0,0.0,0.0,0.0,0.0,0.0,0.0,2135,10,69.4468150138855,0,0,74,36,0,36,0,0
0.0,0.0,0.0,0.0,0.0,0.0,0.0,0.0,0.0,0.0,2145,10,69.75551462173462,0,0,70,20,0,20,0,0
0.0,0.0,0.0,0.0,0.0,0.0,0.0,0.0,0.0,0.0,2155,10,70.10909819602966,0,0,57,29,0,29,0,0
0.0,0.0,0.0,0.0,0.0,0.0,0.0,0.0,0.0,0.0,2165,10,70.41737818717957,0,0,56,25,0,25,0,0
0.0,0.0,0.0,0.0,0.0,0.0,0.0,0.0,0.0,0.0,2175,10,70.65256071090698,0,0,57,7,0,7,0,0
0.0,0.0,0.0,0.0,0.0,0.0,0.0,0.0,0.0,0.0,2185,10,71.01422762870789,0,0,65,32,0,32,0,0
0.0,0.0,0.0,0.0,0.0,0.0,0.0,0.0,0.0,0.0,2195,10,71.32848882675171,0,0,58,25,0,25,0,0
0.0,0.0,0.0,0.0,0.0,0.0,0.0,0.0,0.0,0.0,2205,10,71.73292541503906,0,0,62,41,0,41,0,0
0.0,0.0,0.0,0.0,0.0,0.0,0.0,0.0,0.0,0.0,2215,10,72.21854329109192,0,0,72,57,0,57,0,0
0.0,0.0,0.0,0.0,0.0,0.0,0.0,0.0,0.0,0.0,2225,10,72.59710836410522,0,0,69,31,0,31,0,0
0.0,0.0,0.0,0.0,0.0,0.0,0.0,0.0,0.0,0.0,2235,10,72.92400598526001,0,0,54,25,0,25,0,0
0.0,0.0,0.0,0.0,0.0,0.0,0.0,0.0,0.0,0.0,2245,10,73.28833484649658,0,0,75,30,0,30,0,0
0.0,0.0,0.0,0.0,0.0,0.0,0.0,0.0,0.0,0.0,2255,10,73.59283208847046,0,0,62,21,0,21,0,0
0.0,0.0,0.0,0.0,0.0,0.0,0.0,0.0,0.0,0.0,2265,10,73.94246220588684,0,0,65,26,0,26,0,0
0.0,0.0,0.0,0.0,0.0,0.0,0.0,0.0,0.0,0.0,2275,10,74.30685424804688,0,0,71,34,0,34,0,0
0.0,0.0,0.0,0.0,0.0,0.0,0.0,0.0,0.0,0.0,2285,10,74.65854263305664,0,0,67,32,0,32,0,0
0.0,0.0,0.0,0.0,0.0,0.0,0.0,0.0,0.0,0.0,2295,10,75.041987657547,0,0,69,29,0,29,0,0
0.0,0.0,0.0,0.0,0.0,0.0,0.0,0.0,0.0,0.0,2305,10,75.47976565361023,0,0,73,41,0,41,0,0
0.0,0.0,0.0,0.0,0.0,0.0,0.0,0.0,0.0,0.0,2315,10,75.79411816596985,0,0,63,19,0,19,0,0
0.0,0.0,0.0,0.0,0.0,0.0,0.0,0.0,0.0,0.0,2325,10,76.17624115943909,0,0,60,40,0,40,0,0
0.0,0.0,0.0,0.0,0.0,0.0,0.0,0.0,0.0,0.0,2335,10,76.49057936668396,0,0,57,25,0,25,0,0
0.0,0.0,0.0,0.0,0.0,0.0,0.0,0.0,0.0,0.0,2345,10,76.800208568573,0,0,65,21,0,21,0,0
0.0,0.0,0.0,0.0,0.0,0.0,0.0,0.0,0.0,0.0,2355,10,77.23252439498901,0,0,71,42,0,42,0,0
0.0,0.0,0.0,0.0,0.0,0.0,0.0,0.0,0.0,0.0,2365,10,77.5896828174591,0,0,67,25,0,25,0,0
0.0,0.0,0.0,0.0,0.0,0.0,0.0,0.0,0.0,0.0,2375,10,78.03458881378174,0,0,78,43,0,43,0,0
0.0,0.0,0.0,0.0,0.0,0.0,0.0,0.0,0.0,0.0,2385,10,78.32178473472595,0,0,54,19,0,19,0,0
0.0,0.0,0.0,0.0,0.0,0.0,0.0,0.0,0.0,0.0,2395,10,78.65440583229065,0,0,63,30,0,30,0,0
0.0,0.0,0.0,0.0,0.0,0.0,0.0,0.0,0.0,0.0,2405,10,79.03707695007324,0,0,57,43,0,43,0,0
0.0,0.0,0.0,0.0,0.0,0.0,0.0,0.0,0.0,0.0,2415,10,79.2976815700531,0,0,61,11,0,11,0,0
0.0,0.0,0.0,0.0,0.0,0.0,0.0,0.0,0.0,0.0,2425,10,79.64766311645508,0,0,62,31,0,31,0,0
0.0,0.0,0.0,0.0,0.0,0.0,0.0,0.0,0.0,0.0,2435,10,79.97101283073425,0,0,67,23,0,23,0,0
0.0,0.0,0.0,0.0,0.0,0.0,0.0,0.0,0.0,0.0,2445,10,80.34856867790222,0,0,73,32,0,32,0,0
0.0,0.0,0.0,0.0,0.0,0.0,0.0,0.0,0.0,0.0,2455,10,80.70747995376587,0,0,66,28,0,28,0,0
0.0,0.0,0.0,0.0,0.0,0.0,0.0,0.0,0.0,0.0,2465,10,81.17574882507324,0,0,76,47,0,47,0,0
0.0,0.0,0.0,0.0,0.0,0.0,0.0,0.0,0.0,0.0,2475,10,81.45422577857971,0,0,59,20,0,20,0,0
0.0,0.0,0.0,0.0,0.0,0.0,0.0,0.0,0.0,0.0,2485,10,81.79140138626099,0,0,64,25,0,25,0,0
0.0,0.0,0.0,0.0,0.0,0.0,0.0,0.0,0.0,0.0,2495,10,82.10890197753906,0,0,65,24,0,24,0,0
0.0,0.0,0.0,0.0,0.0,0.0,0.0,0.0,0.0,0.0,2505,10,82.41431832313538,0,0,62,21,0,21,0,0
0.0,0.0,0.0,0.0,0.0,0.0,0.0,0.0,0.0,0.0,2515,10,82.80151796340942,0,0,72,28,0,28,0,0
0.0,0.0,0.0,0.0,0.0,0.0,0.0,0.0,0.0,0.0,2525,10,83.20256662368774,0,0,66,39,0,39,0,0
0.0,0.0,0.0,0.0,0.0,0.0,0.0,0.0,0.0,0.0,2535,10,83.54859805107117,0,0,65,29,0,29,0,0
0.0,0.0,0.0,0.0,0.0,0.0,0.0,0.0,0.0,0.0,2545,10,83.85782146453857,0,0,62,17,0,17,0,0
0.0,0.0,0.0,0.0,0.0,0.0,0.0,0.0,0.0,0.0,2555,10,84.30901718139648,0,0,85,45,0,45,0,0
0.0,0.0,0.0,0.0,0.0,0.0,0.0,0.0,0.0,0.0,2565,10,84.63144969940186,0,0,64,23,0,23,0,0
0.0,0.0,0.0,0.0,0.0,0.0,0.0,0.0,0.0,0.0,2575,10,84.90587019920349,0,0,61,15,0,15,0,0
0.0,0.0,0.0,0.0,0.0,0.0,0.0,0.0,0.0,0.0,2585,10,85.1874897480011,0,0,59,17,0,17,0,0
0.0,0.0,0.0,0.0,0.0,0.0,0.0,0.0,0.0,0.0,2595,10,85.57831859588623,0,0,64,38,0,38,0,0
0.0,0.0,0.0,0.0,0.0,0.0,0.0,0.0,0.0,0.0,2605,10,85.86831259727478,0,0,56,18,0,18,0,0
0.0,0.0,0.0,0.0,0.0,0.0,0.0,0.0,0.0,0.0,2615,10,86.25553560256958,0,0,70,31,0,31,0,0
0.0,0.0,0.0,0.0,0.0,0.0,0.0,0.0,0.0,0.0,2625,10,86.49765372276306,0,0,54,13,0,13,0,0
0.0,0.0,0.0,0.0,0.0,0.0,0.0,0.0,0.0,0.0,2635,10,86.87598204612732,0,0,64,31,0,31,0,0
0.0,0.0,0.0,0.0,0.0,0.0,0.0,0.0,0.0,0.0,2645,10,87.19249558448792,0,0,68,20,0,20,0,0
0.0,0.0,0.0,0.0,0.0,0.0,0.0,0.0,0.0,0.0,2655,10,87.5277853012085,0,0,58,24,0,24,0,0
0.0,0.0,0.0,0.0,0.0,0.0,0.0,0.0,0.0,0.0,2665,10,87.8130943775177,0,0,52,19,0,19,0,0
0.0,0.0,0.0,0.0,0.0,0.0,0.0,0.0,0.0,0.0,2675,10,88.10138750076294,0,0,65,17,0,17,0,0
0.0,0.0,0.0,0.0,0.0,0.0,0.0,0.0,0.0,0.0,2685,10,88.39172339439392,0,0,54,15,0,15,0,0
0.0,0.0,0.0,0.0,0.0,0.0,0.0,0.0,0.0,0.0,2695,10,88.70442152023315,0,0,57,26,0,26,0,0
0.0,0.0,0.0,0.0,0.0,0.0,0.0,0.0,0.0,0.0,2705,10,88.94686913490295,0,0,55,10,0,10,0,0
0.0,0.0,0.0,0.0,0.0,0.0,0.0,0.0,0.0,0.0,2715,10,89.45022058486938,0,0,81,54,0,54,0,0
0.0,0.0,0.0,0.0,0.0,0.0,0.0,0.0,0.0,0.0,2725,10,89.8639006614685,0,0,60,39,0,39,0,0
0.0,0.0,0.0,0.0,0.0,0.0,0.0,0.0,0.0,0.0,2735,10,90.21795916557312,0,0,63,26,0,26,0,0
0.0,0.0,0.0,0.0,0.0,0.0,0.0,0.0,0.0,0.0,2745,10,90.5974645614624,0,0,61,35,0,35,0,0
0.0,0.0,0.0,0.0,0.0,0.0,0.0,0.0,0.0,0.0,2755,10,90.9690752029419,0,0,70,33,0,33,0,0
0.0,0.0,0.0,0.0,0.0,0.0,0.0,0.0,0.0,0.0,2765,10,91.31891632080078,0,0,65,28,0,28,0,0
0.0,0.0,0.0,0.0,0.0,0.0,0.0,0.0,0.0,0.0,2775,10,91.71574068069458,0,0,65,35,0,35,0,0
0.0,0.0,0.0,0.0,0.0,0.0,0.0,0.0,0.0,0.0,2785,10,92.05149531364441,0,0,64,24,0,24,0,0
0.0,0.0,0.0,0.0,0.0,0.0,0.0,0.0,0.0,0.0,2795,10,92.37199831008911,0,0,66,19,0,19,0,0
0.0,0.0,0.0,0.0,0.0,0.0,0.0,0.0,0.0,0.0,2805,10,92.70159435272217,0,0,62,26,0,26,0,0
0.0,0.0,0.0,0.0,0.0,0.0,0.0,0.0,0.0,0.0,2815,10,93.2072217464447,0,0,70,54,0,54,0,0
0.0,0.0,0.0,0.0,0.0,0.0,0.0,0.0,0.0,0.0,2825,10,93.5280647277832,0,0,67,28,0,28,0,0
0.0,0.0,0.0,0.0,0.0,0.0,0.0,0.0,0.0,0.0,2835,10,93.91380286216736,0,0,67,33,0,33,0,0
0.0,0.0,0.0,0.0,0.0,0.0,0.0,0.0,0.0,0.0,2845,10,94.3031861782074,0,0,65,35,0,35,0,0
0.0,0.0,0.0,0.0,0.0,0.0,0.0,0.0,0.0,0.0,2855,10,94.70744156837463,0,0,62,39,0,39,0,0
0.0,0.0,0.0,0.0,0.0,0.0,0.0,0.0,0.0,0.0,2865,10,94.99622368812561,0,0,53,20,0,20,0,0
0.0,0.0,0.0,0.0,0.0,0.0,0.0,0.0,0.0,0.0,2875,10,95.40997695922852,0,0,71,38,0,38,0,0
0.0,0.0,0.0,0.0,0.0,0.0,0.0,0.0,0.0,0.0,2885,10,95.79425191879272,0,0,62,34,0,34,0,0
0.0,0.0,0.0,0.0,0.0,0.0,0.0,0.0,0.0,0.0,2895,10,96.398610830307,0,0,90,69,0,69,0,0
0.0,0.0,0.0,0.0,0.0,0.0,0.0,0.0,0.0,0.0,2905,10,96.72796845436096,0,0,65,23,0,23,0,0
0.0,0.0,0.0,0.0,0.0,0.0,0.0,0.0,0.0,0.0,2915,10,97.16025948524475,0,0,74,41,0,41,0,0
0.0,0.0,0.0,0.0,0.0,0.0,0.0,0.0,0.0,0.0,2925,10,97.48048543930054,0,0,64,21,0,21,0,0
0.0,0.0,0.0,0.0,0.0,0.0,0.0,0.0,0.0,0.0,2935,10,97.79659867286682,0,0,63,23,0,23,0,0
0.0,0.0,0.0,0.0,0.0,0.0,0.0,0.0,0.0,0.0,2945,10,98.11190056800842,0,0,70,20,0,20,0,0
0.0,0.0,0.0,0.0,0.0,0.0,0.0,0.0,0.0,0.0,2955,10,98.49189567565918,0,0,68,26,0,26,0,0
0.0,0.0,0.0,0.0,0.0,0.0,0.0,0.0,0.0,0.0,2965,10,98.88198900222778,0,0,75,30,0,30,0,0
0.0,0.0,0.0,0.0,0.0,0.0,0.0,0.0,0.0,0.0,2975,10,99.30548906326294,0,0,69,40,0,40,0,0
0.0,0.0,0.0,0.0,0.0,0.0,0.0,0.0,0.0,0.0,2985,10,99.6803183555603,0,0,71,28,0,28,0,0
0.0,0.0,0.0,0.0,0.0,0.0,0.0,0.0,0.0,0.0,2995,10,100.06114029884338,0,0,62,35,0,35,0,0
0.0,0.0,0.0,0.0,0.0,0.0,0.0,0.0,0.0,0.0,3005,10,100.38849139213562,0,0,55,24,0,24,0,0
0.0,0.0,0.0,0.0,0.0,0.0,0.0,0.0,0.0,0.0,3015,10,100.77718901634216,0,0,69,32,0,32,0,0
0.0,0.0,0.0,0.0,0.0,0.0,0.0,0.0,0.0,0.0,3025,10,101.13490962982178,0,0,66,30,0,30,0,0
0.0,0.0,0.0,0.0,0.0,0.0,0.0,0.0,0.0,0.0,3035,10,101.53005981445312,0,0,69,37,0,37,0,0
0.0,0.0,0.0,0.0,0.0,0.0,0.0,0.0,0.0,0.0,3045,10,101.93122029304504,0,0,60,36,0,36,0,0
0.0,0.0,0.0,0.0,0.0,0.0,0.0,0.0,0.0,0.0,3055,10,102.3886444568634,0,0,73,46,0,46,0,0
0.0,0.0,0.0,0.0,0.0,0.0,0.0,0.0,0.0,0.0,3065,10,102.84307026863098,0,0,79,45,0,45,0,0
0.0,0.0,0.0,0.0,0.0,0.0,0.0,0.0,0.0,0.0,3075,10,103.15461230278015,0,0,66,19,0,19,0,0
0.0,0.0,0.0,0.0,0.0,0.0,0.0,0.0,0.0,0.0,3085,10,103.47575807571411,0,0,55,27,0,27,0,0
0.0,0.0,0.0,0.0,0.0,0.0,0.0,0.0,0.0,0.0,3095,10,103.8512487411499,0,0,66,30,0,30,0,0
0.0,0.0,0.0,0.0,0.0,0.0,0.0,0.0,0.0,0.0,3105,10,104.3022210597992,0,0,73,43,0,43,0,0
0.0,0.0,0.0,0.0,0.0,0.0,0.0,0.0,0.0,0.0,3115,10,104.72022438049316,0,0,77,37,0,37,0,0
0.0,0.0,0.0,0.0,0.0,0.0,0.0,0.0,0.0,0.0,3125,10,105.0624532699585,0,0,58,28,0,28,0,0
0.0,0.0,0.0,0.0,0.0,0.0,0.0,0.0,0.0,0.0,3135,10,105.42515015602112,0,0,66,32,0,32,0,0
0.0,0.0,0.0,0.0,0.0,0.0,0.0,0.0,0.0,0.0,3145,10,105.93383240699768,0,0,79,55,0,55,0,0
0.0,0.0,0.0,0.0,0.0,0.0,0.0,0.0,0.0,0.0,3155,10,106.40619468688965,0,0,76,49,0,49,0,0
0.0,0.0,0.0,0.0,0.0,0.0,0.0,0.0,0.0,0.0,3165,10,106.79613327980042,0,0,63,35,0,35,0,0
0.0,0.0,0.0,0.0,0.0,0.0,0.0,0.0,0.0,0.0,3175,10,107.1417875289917,0,0,61,30,0,30,0,0
0.0,0.0,0.0,0.0,0.0,0.0,0.0,0.0,0.0,0.0,3185,10,107.51796388626099,0,0,61,32,0,32,0,0
0.0,0.0,0.0,0.0,0.0,0.0,0.0,0.0,0.0,0.0,3195,10,107.78004312515259,0,0,63,11,0,11,0,0
0.0,0.0,0.0,0.0,0.0,0.0,0.0,0.0,0.0,0.0,3205,10,108.12563800811768,0,0,69,27,0,27,0,0
0.0,0.0,0.0,0.0,0.0,0.0,0.0,0.0,0.0,0.0,3215,10,108.48396587371826,0,0,72,31,0,31,0,0
0.0,0.0,0.0,0.0,0.0,0.0,0.0,0.0,0.0,0.0,3225,10,108.76959371566772,0,0,59,18,0,18,0,0
0.0,0.0,0.0,0.0,0.0,0.0,0.0,0.0,0.0,0.0,3235,10,109.0892927646637,0,0,55,27,0,27,0,0
0.0,0.0,0.0,0.0,0.0,0.0,0.0,0.0,0.0,0.0,3245,10,109.46330690383911,0,0,67,31,0,31,0,0
0.0,0.0,0.0,0.0,0.0,0.0,0.0,0.0,0.0,0.0,3255,10,109.75614094734192,0,0,55,15,0,15,0,0
0.0,0.0,0.0,0.0,0.0,0.0,0.0,0.0,0.0,0.0,3265,10,110.24431729316711,0,0,75,52,0,52,0,0
0.0,0.0,0.0,0.0,0.0,0.0,0.0,0.0,0.0,0.0,3275,10,110.57707500457764,0,0,64,23,0,23,0,0
0.0,0.0,0.0,0.0,0.0,0.0,0.0,0.0,0.0,0.0,3285,10,110.87686920166016,0,0,58,20,0,20,0,0
0.0,0.0,0.0,0.0,0.0,0.0,0.0,0.0,0.0,0.0,3295,10,111.20198965072632,0,0,63,16,0,16,0,0
0.0,0.0,0.0,0.0,0.0,0.0,0.0,0.0,0.0,0.0,3305,10,111.56224012374878,0,0,65,26,0,26,0,0
0.0,0.0,0.0,0.0,0.0,0.0,0.0,0.0,0.0,0.0,3315,10,111.90828490257263,0,0,71,20,0,20,0,0
0.0,0.0,0.0,0.0,0.0,0.0,0.0,0.0,0.0,0.0,3325,10,112.34870457649231,0,0,65,46,0,46,0,0
0.0,0.0,0.0,0.0,0.0,0.0,0.0,0.0,0.0,0.0,3335,10,112.67405080795288,0,0,66,21,0,21,0,0
0.0,0.0,0.0,0.0,0.0,0.0,0.0,0.0,0.0,0.0,3345,10,112.96197199821472,0,0,60,16,0,16,0,0
0.0,0.0,0.0,0.0,0.0,0.0,0.0,0.0,0.0,0.0,3355,10,113.2213146686554,0,0,60,14,0,14,0,0
0.0,0.0,0.0,0.0,0.0,0.0,0.0,0.0,0.0,0.0,3365,10,113.60399889945984,0,0,67,38,0,38,0,0
0.0,0.0,0.0,0.0,0.0,0.0,0.0,0.0,0.0,0.0,3375,10,114.03126049041748,0,0,78,38,0,38,0,0
0.0,0.0,0.0,0.0,0.0,0.0,0.0,0.0,0.0,0.0,3385,10,114.44803738594055,0,0,68,40,0,40,0,0
0.0,0.0,0.0,0.0,0.0,0.0,0.0,0.0,0.0,0.0,3395,10,114.77095484733582,0,0,68,21,0,21,0,0
0.0,0.0,0.0,0.0,0.0,0.0,0.0,0.0,0.0,0.0,3405,10,115.17587399482727,0,0,69,41,0,41,0,0
0.0,0.0,0.0,0.0,0.0,0.0,0.0,0.0,0.0,0.0,3415,10,115.6549084186554,0,0,82,40,0,40,0,0
0.0,0.0,0.0,0.0,0.0,0.0,0.0,0.0,0.0,0.0,3425,10,116.02346992492676,0,0,62,31,0,31,0,0
0.0,0.0,0.0,0.0,0.0,0.0,0.0,0.0,0.0,0.0,3435,10,116.34843230247498,0,0,66,21,0,21,0,0
0.0,0.0,0.0,0.0,0.0,0.0,0.0,0.0,0.0,0.0,3445,10,116.72320246696472,0,0,64,31,0,31,0,0
0.0,0.0,0.0,0.0,0.0,0.0,0.0,0.0,0.0,0.0,3455,10,117.0493803024292,0,0,60,25,0,25,0,0
0.0,0.0,0.0,0.0,0.0,0.0,0.0,0.0,0.0,0.0,3465,10,117.37625360488892,0,0,59,24,0,24,0,0
0.0,0.0,0.0,0.0,0.0,0.0,0.0,0.0,0.0,0.0,3475,10,117.7060296535492,0,0,57,23,0,23,0,0
0.0,0.0,0.0,0.0,0.0,0.0,0.0,0.0,0.0,0.0,3485,10,118.1050341129303,0,0,72,37,0,37,0,0
0.0,0.0,0.0,0.0,0.0,0.0,0.0,0.0,0.0,0.0,3495,10,118.70917558670044,0,0,82,66,0,66,0,0
0.0,0.0,0.0,0.0,0.0,0.0,0.0,0.0,0.0,0.0,3505,10,119.01950097084045,0,0,66,18,0,18,0,0
0.0,0.0,0.0,0.0,0.0,0.0,0.0,0.0,0.0,0.0,3515,10,119.44153094291687,0,0,72,40,0,40,0,0
0.0,0.0,0.0,0.0,0.0,0.0,0.0,0.0,0.0,0.0,3525,10,119.88152408599854,0,0,67,39,0,39,0,0
0.0,0.0,0.0,0.0,0.0,0.0,0.0,0.0,0.0,0.0,3535,10,120.18241620063782,0,0,52,25,0,25,0,0
0.0,0.0,0.0,0.0,0.0,0.0,0.0,0.0,0.0,0.0,3545,10,120.4907922744751,0,0,63,20,0,20,0,0
0.0,0.0,0.0,0.0,0.0,0.0,0.0,0.0,0.0,0.0,3555,10,120.82240509986877,0,0,58,25,0,25,0,0
0.0,0.0,0.0,0.0,0.0,0.0,0.0,0.0,0.0,0.0,3565,10,121.17220449447632,0,0,60,28,0,28,0,0
0.0,0.0,0.0,0.0,0.0,0.0,0.0,0.0,0.0,0.0,3575,10,121.57577204704285,0,0,70,36,0,36,0,0
0.0,0.0,0.0,0.0,0.0,0.0,0.0,0.0,0.0,0.0,3585,10,121.90523314476013,0,0,55,23,0,23,0,0
0.0,0.0,0.0,0.0,0.0,0.0,0.0,0.0,0.0,0.0,3595,10,122.23410439491272,0,0,66,19,0,19,0,0
0.0,0.0,0.0,0.0,0.0,0.0,0.0,0.0,0.0,0.0,3605,10,122.59552240371704,0,0,63,26,0,26,0,0
0.0,0.0,0.0,0.0,0.0,0.0,0.0,0.0,0.0,0.0,3615,10,122.96248769760132,0,0,62,29,0,29,0,0
0.0,0.0,0.0,0.0,0.0,0.0,0.0,0.0,0.0,0.0,3625,10,123.25632691383362,0,0,62,18,0,18,0,0
0.0,0.0,0.0,0.0,0.0,0.0,0.0,0.0,0.0,0.0,3635,10,123.61647081375122,0,0,70,24,0,24,0,0
0.0,0.0,0.0,0.0,0.0,0.0,0.0,0.0,0.0,0.0,3645,10,123.85716342926025,0,0,53,10,0,10,0,0
0.0,0.0,0.0,0.0,0.0,0.0,0.0,0.0,0.0,0.0,3655,10,124.18160581588745,0,0,65,17,0,17,0,0
0.0,0.0,0.0,0.0,0.0,0.0,0.0,0.0,0.0,0.0,3665,10,124.4873366355896,0,0,58,20,0,20,0,0
0.0,0.0,0.0,0.0,0.0,0.0,0.0,0.0,0.0,0.0,3675,10,124.82311725616455,0,0,64,22,0,22,0,0
0.0,0.0,0.0,0.0,0.0,0.0,0.0,0.0,0.0,0.0,3685,10,125.12355089187622,0,0,58,18,0,18,0,0
0.0,0.0,0.0,0.0,0.0,0.0,0.0,0.0,0.0,0.0,3695,10,125.54385089874268,0,0,75,36,0,36,0,0
0.0,0.0,0.0,0.0,0.0,0.0,0.0,0.0,0.0,0.0,3705,10,125.80840969085693,0,0,59,13,0,13,0,0
0.0,0.0,0.0,0.0,0.0,0.0,0.0,0.0,0.0,0.0,3715,10,126.14996147155762,0,0,63,27,0,27,0,0
0.0,0.0,0.0,0.0,0.0,0.0,0.0,0.0,0.0,0.0,3725,10,126.51676416397095,0,0,66,25,0,25,0,0
0.0,0.0,0.0,0.0,0.0,0.0,0.0,0.0,0.0,0.0,3735,10,126.92608380317688,0,0,64,44,0,44,0,0
0.0,0.0,0.0,0.0,0.0,0.0,0.0,0.0,0.0,0.0,3745,10,127.36532521247864,0,0,64,46,0,46,0,0
0.0,0.0,0.0,0.0,0.0,0.0,0.0,0.0,0.0,0.0,3755,10,127.8056857585907,0,0,80,32,0,32,0,0
0.0,0.0,0.0,0.0,0.0,0.0,0.0,0.0,0.0,0.0,3765,10,128.2238998413086,0,0,74,33,0,33,0,0
0.0,0.0,0.0,0.0,0.0,0.0,0.0,0.0,0.0,0.0,3775,10,128.64326786994934,0,0,72,33,0,33,0,0
0.0,0.0,0.0,0.0,0.0,0.0,0.0,0.0,0.0,0.0,3785,10,128.9784598350525,0,0,60,24,0,24,0,0
0.0,0.0,0.0,0.0,0.0,0.0,0.0,0.0,0.0,0.0,3795,10,129.36223244667053,0,0,66,33,0,33,0,0
0.0,0.0,0.0,0.0,0.0,0.0,0.0,0.0,0.0,0.0,3805,10,129.74237489700317,0,0,73,31,0,31,0,0
0.0,0.0,0.0,0.0,0.0,0.0,0.0,0.0,0.0,0.0,3815,10,130.1239140033722,0,0,66,37,0,37,0,0
0.0,0.0,0.0,0.0,0.0,0.0,0.0,0.0,0.0,0.0,3825,10,130.69475293159485,0,0,92,58,0,58,0,0
0.0,0.0,0.0,0.0,0.0,0.0,0.0,0.0,0.0,0.0,3835,10,131.14817595481873,0,0,71,42,0,42,0,0
0.0,0.0,0.0,0.0,0.0,0.0,0.0,0.0,0.0,0.0,3845,10,131.65220594406128,0,0,80,53,0,53,0,0
0.0,0.0,0.0,0.0,0.0,0.0,0.0,0.0,0.0,0.0,3855,10,131.97255039215088,0,0,67,19,0,19,0,0
0.0,0.0,0.0,0.0,0.0,0.0,0.0,0.0,0.0,0.0,3865,10,132.29505014419556,0,0,60,21,0,21,0,0
0.0,0.0,0.0,0.0,0.0,0.0,0.0,0.0,0.0,0.0,3875,10,132.77995443344116,0,0,79,50,0,50,0,0
0.0,0.0,0.0,0.0,0.0,0.0,0.0,0.0,0.0,0.0,3885,10,133.09689331054688,0,0,58,22,0,22,0,0
0.0,0.0,0.0,0.0,0.0,0.0,0.0,0.0,0.0,0.0,3895,10,133.37438941001892,0,0,53,19,0,19,0,0
0.0,0.0,0.0,0.0,0.0,0.0,0.0,0.0,0.0,0.0,3905,10,133.87297773361206,0,0,80,47,0,47,0,0
0.0,0.0,0.0,0.0,0.0,0.0,0.0,0.0,0.0,0.0,3915,10,134.24166297912598,0,0,65,26,0,26,0,0
0.0,0.0,0.0,0.0,0.0,0.0,0.0,0.0,0.0,0.0,3925,10,134.65916419029236,0,0,68,43,0,43,0,0
0.0,0.0,0.0,0.0,0.0,0.0,0.0,0.0,0.0,0.0,3935,10,135.12830424308777,0,0,74,42,0,42,0,0
0.0,0.0,0.0,0.0,0.0,0.0,0.0,0.0,0.0,0.0,3945,10,135.4280662536621,0,0,56,17,0,17,0,0
0.0,0.0,0.0,0.0,0.0,0.0,0.0,0.0,0.0,0.0,3955,10,135.71099877357483,0,0,65,14,0,14,0,0
0.0,0.0,0.0,0.0,0.0,0.0,0.0,0.0,0.0,0.0,3965,10,136.20374536514282,0,0,84,46,0,46,0,0
0.0,0.0,0.0,0.0,0.0,0.0,0.0,0.0,0.0,0.0,3975,10,136.57743406295776,0,0,72,25,0,25,0,0
0.0,0.0,0.0,0.0,0.0,0.0,0.0,0.0,0.0,0.0,3985,10,136.8659315109253,0,0,59,18,0,18,0,0
0.0,0.0,0.0,0.0,0.0,0.0,0.0,0.0,0.0,0.0,3995,10,137.19634652137756,0,0,70,21,0,21,0,0
0.0,0.0,0.0,0.0,0.0,0.0,0.0,0.0,0.0,0.0,4005,10,137.57494163513184,0,0,66,28,0,28,0,0
0.0,0.0,0.0,0.0,0.0,0.0,0.0,0.0,0.0,0.0,4015,10,137.93871188163757,0,0,64,28,0,28,0,0
0.0,0.0,0.0,0.0,0.0,0.0,0.0,0.0,0.0,0.0,4025,10,138.24564671516418,0,0,54,18,0,18,0,0
0.0,0.0,0.0,0.0,0.0,0.0,0.0,0.0,0.0,0.0,4035,10,138.6730682849884,0,0,73,37,0,37,0,0
0.0,0.0,0.0,0.0,0.0,0.0,0.0,0.0,0.0,0.0,4045,10,139.047203540802,0,0,66,35,0,35,0,0
0.0,0.0,0.0,0.0,0.0,0.0,0.0,0.0,0.0,0.0,4055,10,139.5013198852539,0,0,65,51,0,51,0,0
0.0,0.0,0.0,0.0,0.0,0.0,0.0,0.0,0.0,0.0,4065,10,139.76884078979492,0,0,60,9,0,9,0,0
0.0,0.0,0.0,0.0,0.0,0.0,0.0,0.0,0.0,0.0,4075,10,140.20309400558472,0,0,67,42,0,42,0,0
0.0,0.0,0.0,0.0,0.0,0.0,0.0,0.0,0.0,0.0,4085,10,140.51328134536743,0,0,63,19,0,19,0,0
0.0,0.0,0.0,0.0,0.0,0.0,0.0,0.0,0.0,0.0,4095,10,141.0682327747345,0,0,99,54,0,54,0,0
0.0,0.0,0.0,0.0,0.0,0.0,0.0,0.0,0.0,0.0,4105,10,141.37984442710876,0,0,55,25,0,25,0,0
0.0,0.0,0.0,0.0,0.0,0.0,0.0,0.0,0.0,0.0,4115,10,141.81053376197815,0,0,75,39,0,39,0,0
0.0,0.0,0.0,0.0,0.0,0.0,0.0,0.0,0.0,0.0,4125,10,142.14183902740479,0,0,53,22,0,22,0,0
0.0,0.0,0.0,0.0,0.0,0.0,0.0,0.0,0.0,0.0,4135,10,142.4558265209198,0,0,62,18,0,18,0,0
0.0,0.0,0.0,0.0,0.0,0.0,0.0,0.0,0.0,0.0,4145,10,142.80934262275696,0,0,57,28,0,28,0,0
0.0,0.0,0.0,0.0,0.0,0.0,0.0,0.0,0.0,0.0,4155,10,143.19967794418335,0,0,70,30,0,30,0,0
0.0,0.0,0.0,0.0,0.0,0.0,0.0,0.0,0.0,0.0,4165,10,143.5628547668457,0,0,67,25,0,25,0,0
0.0,0.0,0.0,0.0,0.0,0.0,0.0,0.0,0.0,0.0,4175,10,143.9521861076355,0,0,64,32,0,32,0,0
0.0,0.0,0.0,0.0,0.0,0.0,0.0,0.0,0.0,0.0,4185,10,144.31519484519958,0,0,54,32,0,32,0,0
0.0,0.0,0.0,0.0,0.0,0.0,0.0,0.0,0.0,0.0,4195,10,144.72222232818604,0,0,70,44,0,44,0,0
0.0,0.0,0.0,0.0,0.0,0.0,0.0,0.0,0.0,0.0,4205,10,145.07465863227844,0,0,66,30,0,30,0,0
0.0,0.0,0.0,0.0,0.0,0.0,0.0,0.0,0.0,0.0,4215,10,145.49292397499084,0,0,61,45,0,45,0,0
0.0,0.0,0.0,0.0,0.0,0.0,0.0,0.0,0.0,0.0,4225,10,145.97259187698364,0,0,70,47,0,47,0,0
0.0,0.0,0.0,0.0,0.0,0.0,0.0,0.0,0.0,0.0,4235,10,146.30812788009644,0,0,60,27,0,27,0,0
0.0,0.0,0.0,0.0,0.0,0.0,0.0,0.0,0.0,0.0,4245,10,146.65995931625366,0,0,77,26,0,26,0,0
0.0,0.0,0.0,0.0,0.0,0.0,0.0,0.0,0.0,0.0,4255,10,147.01319432258606,0,0,63,25,0,25,0,0
0.0,0.0,0.0,0.0,0.0,0.0,0.0,0.0,0.0,0.0,4265,10,147.38672304153442,0,0,62,28,0,28,0,0
0.0,0.0,0.0,0.0,0.0,0.0,0.0,0.0,0.0,0.0,4275,10,147.7459785938263,0,0,65,27,0,27,0,0
0.0,0.0,0.0,0.0,0.0,0.0,0.0,0.0,0.0,0.0,4285,10,148.0440275669098,0,0,58,13,0,13,0,0
0.0,0.0,0.0,0.0,0.0,0.0,0.0,0.0,0.0,0.0,4295,10,148.47445845603943,0,0,63,45,0,45,0,0
0.0,0.0,0.0,0.0,0.0,0.0,0.0,0.0,0.0,0.0,4305,10,148.88542675971985,0,0,72,35,0,35,0,0
0.0,0.0,0.0,0.0,0.0,0.0,0.0,0.0,0.0,0.0,4315,10,149.26235818862915,0,0,70,33,0,33,0,0
0.0,0.0,0.0,0.0,0.0,0.0,0.0,0.0,0.0,0.0,4325,10,149.54080295562744,0,0,57,13,0,13,0,0
0.0,0.0,0.0,0.0,0.0,0.0,0.0,0.0,0.0,0.0,4335,10,149.87416648864746,0,0,61,20,0,20,0,0
0.0,0.0,0.0,0.0,0.0,0.0,0.0,0.0,0.0,0.0,4345,10,150.25297141075134,0,0,63,29,0,29,0,0
0.0,0.0,0.0,0.0,0.0,0.0,0.0,0.0,0.0,0.0,4355,10,150.54206895828247,0,0,59,19,0,19,0,0
0.0,0.0,0.0,0.0,0.0,0.0,0.0,0.0,0.0,0.0,4365,10,150.9876356124878,0,0,76,36,0,36,0,0
0.0,0.0,0.0,0.0,0.0,0.0,0.0,0.0,0.0,0.0,4375,10,151.3775064945221,0,0,63,31,0,31,0,0
0.0,0.0,0.0,0.0,0.0,0.0,0.0,0.0,0.0,0.0,4385,10,151.92715287208557,0,0,85,54,0,54,0,0
0.0,0.0,0.0,0.0,0.0,0.0,0.0,0.0,0.0,0.0,4395,10,152.23851037025452,0,0,53,22,0,22,0,0
0.0,0.0,0.0,0.0,0.0,0.0,0.0,0.0,0.0,0.0,4405,10,152.678608417511,0,0,72,40,0,40,0,0
0.0,0.0,0.0,0.0,0.0,0.0,0.0,0.0,0.0,0.0,4415,10,153.09181714057922,0,0,67,41,0,41,0,0
0.0,0.0,0.0,0.0,0.0,0.0,0.0,0.0,0.0,0.0,4425,10,153.52657461166382,0,0,77,37,0,37,0,0
0.0,0.0,0.0,0.0,0.0,0.0,0.0,0.0,0.0,0.0,4435,10,153.91840529441833,0,0,70,34,0,34,0,0
0.0,0.0,0.0,0.0,0.0,0.0,0.0,0.0,0.0,0.0,4445,10,154.22135543823242,0,0,61,17,0,17,0,0
0.0,0.0,0.0,0.0,0.0,0.0,0.0,0.0,0.0,0.0,4455,10,154.53666996955872,0,0,63,17,0,17,0,0
0.0,0.0,0.0,0.0,0.0,0.0,0.0,0.0,0.0,0.0,4465,10,154.92899417877197,0,0,65,38,0,38,0,0
0.0,0.0,0.0,0.0,0.0,0.0,0.0,0.0,0.0,0.0,4475,10,155.2977864742279,0,0,53,32,0,32,0,0
0.0,0.0,0.0,0.0,0.0,0.0,0.0,0.0,0.0,0.0,4485,10,155.65030884742737,0,0,63,31,0,31,0,0
0.0,0.0,0.0,0.0,0.0,0.0,0.0,0.0,0.0,0.0,4495,10,156.09810209274292,0,0,67,42,0,42,0,0
0.0,0.0,0.0,0.0,0.0,0.0,0.0,0.0,0.0,0.0,4505,10,156.4412772655487,0,0,67,23,0,23,0,0
0.0,0.0,0.0,0.0,0.0,0.0,0.0,0.0,0.0,0.0,4515,10,156.839994430542,0,0,68,37,0,37,0,0
0.0,0.0,0.0,0.0,0.0,0.0,0.0,0.0,0.0,0.0,4525,10,157.29279279708862,0,0,71,43,0,43,0,0
0.0,0.0,0.0,0.0,0.0,0.0,0.0,0.0,0.0,0.0,4535,10,157.6946063041687,0,0,64,35,0,35,0,0
0.0,0.0,0.0,0.0,0.0,0.0,0.0,0.0,0.0,0.0,4545,10,158.08862829208374,0,0,67,30,0,30,0,0
0.0,0.0,0.0,0.0,0.0,0.0,0.0,0.0,0.0,0.0,4555,10,158.4443440437317,0,0,58,27,0,27,0,0
0.0,0.0,0.0,0.0,0.0,0.0,0.0,0.0,0.0,0.0,4565,10,158.84093165397644,0,0,62,39,0,39,0,0
0.0,0.0,0.0,0.0,0.0,0.0,0.0,0.0,0.0,0.0,4575,10,159.1917941570282,0,0,62,24,0,24,0,0
0.0,0.0,0.0,0.0,0.0,0.0,0.0,0.0,0.0,0.0,4585,10,159.52241206169128,0,0,59,24,0,24,0,0
0.0,0.0,0.0,0.0,0.0,0.0,0.0,0.0,0.0,0.0,4595,10,159.88985180854797,0,0,67,29,0,29,0,0
0.0,0.0,0.0,0.0,0.0,0.0,0.0,0.0,0.0,0.0,4605,10,160.23426175117493,0,0,60,24,0,24,0,0
0.0,0.0,0.0,0.0,0.0,0.0,0.0,0.0,0.0,0.0,4615,10,160.58754754066467,0,0,69,23,0,23,0,0
0.0,0.0,0.0,0.0,0.0,0.0,0.0,0.0,0.0,0.0,4625,10,160.90625929832458,0,0,63,17,0,17,0,0
0.0,0.0,0.0,0.0,0.0,0.0,0.0,0.0,0.0,0.0,4635,10,161.26716661453247,0,0,61,29,0,29,0,0
0.0,0.0,0.0,0.0,0.0,0.0,0.0,0.0,0.0,0.0,4645,10,161.69260454177856,0,0,66,35,0,35,0,0
0.0,0.0,0.0,0.0,0.0,0.0,0.0,0.0,0.0,0.0,4655,10,162.06553721427917,0,0,61,28,0,28,0,0
0.0,0.0,0.0,0.0,0.0,0.0,0.0,0.0,0.0,0.0,4665,10,162.411217212677,0,0,66,25,0,25,0,0
0.0,0.0,0.0,0.0,0.0,0.0,0.0,0.0,0.0,0.0,4675,10,162.77507209777832,0,0,62,32,0,32,0,0
0.0,0.0,0.0,0.0,0.0,0.0,0.0,0.0,0.0,0.0,4685,10,163.15114665031433,0,0,65,30,0,30,0,0
0.0,0.0,0.0,0.0,0.0,0.0,0.0,0.0,0.0,0.0,4695,10,163.56903767585754,0,0,72,34,0,34,0,0
0.0,0.0,0.0,0.0,0.0,0.0,0.0,0.0,0.0,0.0,4705,10,164.03791308403015,0,0,70,42,0,42,0,0
0.0,0.0,0.0,0.0,0.0,0.0,0.0,0.0,0.0,0.0,4715,10,164.38499569892883,0,0,67,25,0,25,0,0
0.0,0.0,0.0,0.0,0.0,0.0,0.0,0.0,0.0,0.0,4725,10,164.79886770248413,0,0,68,38,0,38,0,0
0.0,0.0,0.0,0.0,0.0,0.0,0.0,0.0,0.0,0.0,4735,10,165.22144722938538,0,0,64,42,0,42,0,0
0.0,0.0,0.0,0.0,0.0,0.0,0.0,0.0,0.0,0.0,4745,10,165.53929567337036,0,0,63,18,0,18,0,0
0.0,0.0,0.0,0.0,0.0,0.0,0.0,0.0,0.0,0.0,4755,10,166.03287529945374,0,0,87,51,0,51,0,0
0.0,0.0,0.0,0.0,0.0,0.0,0.0,0.0,0.0,0.0,4765,10,166.4224624633789,0,0,64,34,0,34,0,0
0.0,0.0,0.0,0.0,0.0,0.0,0.0,0.0,0.0,0.0,4775,10,166.89470982551575,0,0,76,49,0,49,0,0
0.0,0.0,0.0,0.0,0.0,0.0,0.0,0.0,0.0,0.0,4785,10,167.19008612632751,0,0,66,13,0,13,0,0
0.0,0.0,0.0,0.0,0.0,0.0,0.0,0.0,0.0,0.0,4795,10,167.54310417175293,0,0,64,29,0,29,0,0
0.0,0.0,0.0,0.0,0.0,0.0,0.0,0.0,0.0,0.0,4805,10,167.9843544960022,0,0,70,39,0,39,0,0
0.0,0.0,0.0,0.0,0.0,0.0,0.0,0.0,0.0,0.0,4815,10,168.4236433506012,0,0,66,38,0,38,0,0
0.0,0.0,0.0,0.0,0.0,0.0,0.0,0.0,0.0,0.0,4825,10,168.77676224708557,0,0,68,25,0,25,0,0
0.0,0.0,0.0,0.0,0.0,0.0,0.0,0.0,0.0,0.0,4835,10,169.2067813873291,0,0,67,37,0,37,0,0
0.0,0.0,0.0,0.0,0.0,0.0,0.0,0.0,0.0,0.0,4845,10,169.6319603919983,0,0,72,42,0,42,0,0
0.0,0.0,0.0,0.0,0.0,0.0,0.0,0.0,0.0,0.0,4855,10,169.96260237693787,0,0,57,26,0,26,0,0
0.0,0.0,0.0,0.0,0.0,0.0,0.0,0.0,0.0,0.0,4865,10,170.38679909706116,0,0,66,37,0,37,0,0
0.0,0.0,0.0,0.0,0.0,0.0,0.0,0.0,0.0,0.0,4875,10,170.77747654914856,0,0,56,36,0,36,0,0
0.0,0.0,0.0,0.0,0.0,0.0,0.0,0.0,0.0,0.0,4885,10,171.22834372520447,0,0,76,39,0,39,0,0
0.0,0.0,0.0,0.0,0.0,0.0,0.0,0.0,0.0,0.0,4895,10,171.5410451889038,0,0,68,17,0,17,0,0
0.0,0.0,0.0,0.0,0.0,0.0,0.0,0.0,0.0,0.0,4905,10,171.89827823638916,0,0,67,23,0,23,0,0
0.0,0.0,0.0,0.0,0.0,0.0,0.0,0.0,0.0,0.0,4915,10,172.28611707687378,0,0,70,31,0,31,0,0
0.0,0.0,0.0,0.0,0.0,0.0,0.0,0.0,0.0,0.0,4925,10,172.6846523284912,0,0,56,42,0,42,0,0
0.0,0.0,0.0,0.0,0.0,0.0,0.0,0.0,0.0,0.0,4935,10,173.0044286251068,0,0,56,19,0,19,0,0
0.0,0.0,0.0,0.0,0.0,0.0,0.0,0.0,0.0,0.0,4945,10,173.36673426628113,0,0,74,20,0,20,0,0
0.0,0.0,0.0,0.0,0.0,0.0,0.0,0.0,0.0,0.0,4955,10,173.71167421340942,0,0,67,26,0,26,0,0
0.0,0.0,0.0,0.0,0.0,0.0,0.0,0.0,0.0,0.0,4965,10,174.1525673866272,0,0,65,46,0,46,0,0
0.0,0.0,0.0,0.0,0.0,0.0,0.0,0.0,0.0,0.0,4975,10,174.54523086547852,0,0,75,31,0,31,0,0
0.0,0.0,0.0,0.0,0.0,0.0,0.0,0.0,0.0,0.0,4985,10,175.0036976337433,0,0,73,47,0,47,0,0
0.0,0.0,0.0,0.0,0.0,0.0,0.0,0.0,0.0,0.0,4995,10,175.4874656200409,0,0,79,46,0,46,0,0
0.0,0.0,0.0,0.0,0.0,0.0,0.0,0.0,0.0,0.0,5005,10,175.81542682647705,0,0,61,23,0,23,0,0
0.0,0.0,0.0,0.0,0.0,0.0,0.0,0.0,0.0,0.0,5015,10,176.18374466896057,0,0,73,23,0,23,0,0
0.0,0.0,0.0,0.0,0.0,0.0,0.0,0.0,0.0,0.0,5025,10,176.4874119758606,0,0,58,20,0,20,0,0
0.0,0.0,0.0,0.0,0.0,0.0,0.0,0.0,0.0,0.0,5035,10,176.983558177948,0,0,74,53,0,53,0,0
0.0,0.0,0.0,0.0,0.0,0.0,0.0,0.0,0.0,0.0,5045,10,177.29349732398987,0,0,61,22,0,22,0,0
0.0,0.0,0.0,0.0,0.0,0.0,0.0,0.0,0.0,0.0,5055,10,177.7133572101593,0,0,70,42,0,42,0,0
0.0,0.0,0.0,0.0,0.0,0.0,0.0,0.0,0.0,0.0,5065,10,178.06510972976685,0,0,70,24,0,24,0,0
0.0,0.0,0.0,0.0,0.0,0.0,0.0,0.0,0.0,0.0,5075,10,178.42428708076477,0,0,61,25,0,25,0,0
0.0,0.0,0.0,0.0,0.0,0.0,0.0,0.0,0.0,0.0,5085,10,178.80009770393372,0,0,60,32,0,32,0,0
0.0,0.0,0.0,0.0,0.0,0.0,0.0,0.0,0.0,0.0,5095,10,179.23546242713928,0,0,59,46,0,46,0,0
0.0,0.0,0.0,0.0,0.0,0.0,0.0,0.0,0.0,0.0,5105,10,179.69643831253052,0,0,81,40,0,40,0,0
0.0,0.0,0.0,0.0,0.0,0.0,0.0,0.0,0.0,0.0,5115,10,180.08919382095337,0,0,67,33,0,33,0,0
0.0,0.0,0.0,0.0,0.0,0.0,0.0,0.0,0.0,0.0,5125,10,180.54515314102173,0,0,69,44,0,44,0,0
0.0,0.0,0.0,0.0,0.0,0.0,0.0,0.0,0.0,0.0,5135,10,180.99648332595825,0,0,76,45,0,45,0,0
0.0,0.0,0.0,0.0,0.0,0.0,0.0,0.0,0.0,0.0,5145,10,181.3901402950287,0,0,62,31,0,31,0,0
0.0,0.0,0.0,0.0,0.0,0.0,0.0,0.0,0.0,0.0,5155,10,181.74459671974182,0,0,55,30,0,30,0,0
0.0,0.0,0.0,0.0,0.0,0.0,0.0,0.0,0.0,0.0,5165,10,182.14122867584229,0,0,67,33,0,33,0,0
0.0,0.0,0.0,0.0,0.0,0.0,0.0,0.0,0.0,0.0,5175,10,182.6471552848816,0,0,73,56,0,56,0,0
0.0,0.0,0.0,0.0,0.0,0.0,0.0,0.0,0.0,0.0,5185,10,182.9430959224701,0,0,59,18,0,18,0,0
0.0,0.0,0.0,0.0,0.0,0.0,0.0,0.0,0.0,0.0,5195,10,183.2918734550476,0,0,61,21,0,21,0,0
0.0,0.0,0.0,0.0,0.0,0.0,0.0,0.0,0.0,0.0,5205,10,183.62223863601685,0,0,66,20,0,20,0,0
0.0,0.0,0.0,0.0,0.0,0.0,0.0,0.0,0.0,0.0,5215,10,184.04654908180237,0,0,66,41,0,41,0,0
0.0,0.0,0.0,0.0,0.0,0.0,0.0,0.0,0.0,0.0,5225,10,184.3841199874878,0,0,68,28,0,28,0,0
0.0,0.0,0.0,0.0,0.0,0.0,0.0,0.0,0.0,0.0,5235,10,184.71692204475403,0,0,63,22,0,22,0,0
0.0,0.0,0.0,0.0,0.0,0.0,0.0,0.0,0.0,0.0,5245,10,185.11000561714172,0,0,60,39,0,39,0,0
0.0,0.0,0.0,0.0,0.0,0.0,0.0,0.0,0.0,0.0,5255,10,185.42329692840576,0,0,59,20,0,20,0,0
0.0,0.0,0.0,0.0,0.0,0.0,0.0,0.0,0.0,0.0,5265,10,185.78193545341492,0,0,63,26,0,26,0,0
0.0,0.0,0.0,0.0,0.0,0.0,0.0,0.0,0.0,0.0,5275,10,186.18316173553467,0,0,63,37,0,37,0,0
0.0,0.0,0.0,0.0,0.0,0.0,0.0,0.0,0.0,0.0,5285,10,186.54205298423767,0,0,60,31,0,31,0,0
0.0,0.0,0.0,0.0,0.0,0.0,0.0,0.0,0.0,0.0,5295,10,186.866943359375,0,0,62,23,0,23,0,0
0.0,0.0,0.0,0.0,0.0,0.0,0.0,0.0,0.0,0.0,5305,10,187.16976761817932,0,0,58,16,0,16,0,0
0.0,0.0,0.0,0.0,0.0,0.0,0.0,0.0,0.0,0.0,5315,10,187.49959254264832,0,0,66,23,0,23,0,0
0.0,0.0,0.0,0.0,0.0,0.0,0.0,0.0,0.0,0.0,5325,10,188.01404857635498,0,0,71,54,0,54,0,0
0.0,0.0,0.0,0.0,0.0,0.0,0.0,0.0,0.0,0.0,5335,10,188.41236400604248,0,0,66,31,0,31,0,0
0.0,0.0,0.0,0.0,0.0,0.0,0.0,0.0,0.0,0.0,5345,10,188.7998251914978,0,0,69,27,0,27,0,0
0.0,0.0,0.0,0.0,0.0,0.0,0.0,0.0,0.0,0.0,5355,10,189.22105145454407,0,0,60,31,0,31,0,0
0.0,0.0,0.0,0.0,0.0,0.0,0.0,0.0,0.0,0.0,5365,10,189.72795224189758,0,0,66,49,0,49,0,0
0.0,0.0,0.0,0.0,0.0,0.0,0.0,0.0,0.0,0.0,5375,10,190.07474756240845,0,0,64,23,0,23,0,0
0.0,0.0,0.0,0.0,0.0,0.0,0.0,0.0,0.0,0.0,5385,10,190.50426292419434,0,0,65,38,0,38,0,0
0.0,0.0,0.0,0.0,0.0,0.0,0.0,0.0,0.0,0.0,5395,10,190.856671333313,0,0,59,25,0,25,0,0
0.0,0.0,0.0,0.0,0.0,0.0,0.0,0.0,0.0,0.0,5405,10,191.21840953826904,0,0,58,27,0,27,0,0
0.0,0.0,0.0,0.0,0.0,0.0,0.0,0.0,0.0,0.0,5415,10,191.50305819511414,0,0,56,15,0,15,0,0
0.0,0.0,0.0,0.0,0.0,0.0,0.0,0.0,0.0,0.0,5425,10,191.9369010925293,0,0,67,34,0,34,0,0
0.0,0.0,0.0,0.0,0.0,0.0,0.0,0.0,0.0,0.0,5435,10,192.298180103302,0,0,65,24,0,24,0,0
0.0,0.0,0.0,0.0,0.0,0.0,0.0,0.0,0.0,0.0,5445,10,192.69056916236877,0,0,64,31,0,31,0,0
0.0,0.0,0.0,0.0,0.0,0.0,0.0,0.0,0.0,0.0,5455,10,193.0015993118286,0,0,59,19,0,19,0,0
0.0,0.0,0.0,0.0,0.0,0.0,0.0,0.0,0.0,0.0,5465,10,193.40145993232727,0,0,71,30,0,30,0,0
0.0,0.0,0.0,0.0,0.0,0.0,0.0,0.0,0.0,0.0,5475,10,193.7558078765869,0,0,62,20,0,20,0,0
0.0,0.0,0.0,0.0,0.0,0.0,0.0,0.0,0.0,0.0,5485,10,194.08519530296326,0,0,62,23,0,23,0,0
0.0,0.0,0.0,0.0,0.0,0.0,0.0,0.0,0.0,0.0,5495,10,194.42401313781738,0,0,55,26,0,26,0,0
0.0,0.0,0.0,0.0,0.0,0.0,0.0,0.0,0.0,0.0,5505,10,194.77276515960693,0,0,61,19,0,19,0,0
0.0,0.0,0.0,0.0,0.0,0.0,0.0,0.0,0.0,0.0,5515,10,195.22095894813538,0,0,68,39,0,39,0,0
0.0,0.0,0.0,0.0,0.0,0.0,0.0,0.0,0.0,0.0,5525,10,195.58648085594177,0,0,65,26,0,26,0,0
0.0,0.0,0.0,0.0,0.0,0.0,0.0,0.0,0.0,0.0,5535,10,195.89835262298584,0,0,55,25,0,25,0,0
0.0,0.0,0.0,0.0,0.0,0.0,0.0,0.0,0.0,0.0,5545,10,196.2405776977539,0,0,59,28,0,28,0,0
0.0,0.0,0.0,0.0,0.0,0.0,0.0,0.0,0.0,0.0,5555,10,196.68830585479736,0,0,76,41,0,41,0,0
0.0,0.0,0.0,0.0,0.0,0.0,0.0,0.0,0.0,0.0,5565,10,197.11682724952698,0,0,70,36,0,36,0,0
0.0,0.0,0.0,0.0,0.0,0.0,0.0,0.0,0.0,0.0,5575,10,197.60748553276062,0,0,63,48,0,48,0,0
0.0,0.0,0.0,0.0,0.0,0.0,0.0,0.0,0.0,0.0,5585,10,197.94528079032898,0,0,60,22,0,22,0,0
0.0,0.0,0.0,0.0,0.0,0.0,0.0,0.0,0.0,0.0,5595,10,198.28946709632874,0,0,60,23,0,23,0,0
0.0,0.0,0.0,0.0,0.0,0.0,0.0,0.0,0.0,0.0,5605,10,198.6417999267578,0,0,60,24,0,24,0,0
0.0,0.0,0.0,0.0,0.0,0.0,0.0,0.0,0.0,0.0,5615,10,199.1010935306549,0,0,71,39,0,39,0,0
0.0,0.0,0.0,0.0,0.0,0.0,0.0,0.0,0.0,0.0,5625,10,199.46834349632263,0,0,61,30,0,30,0,0
0.0,0.0,0.0,0.0,0.0,0.0,0.0,0.0,0.0,0.0,5635,10,199.99389696121216,0,0,88,51,0,51,0,0
0.0,0.0,0.0,0.0,0.0,0.0,0.0,0.0,0.0,0.0,5645,10,200.36077117919922,0,0,69,24,0,24,0,0
0.0,0.0,0.0,0.0,0.0,0.0,0.0,0.0,0.0,0.0,5655,10,200.72578644752502,0,0,69,29,0,29,0,0
0.0,0.0,0.0,0.0,0.0,0.0,0.0,0.0,0.0,0.0,5665,10,201.05883741378784,0,0,61,25,0,25,0,0
0.0,0.0,0.0,0.0,0.0,0.0,0.0,0.0,0.0,0.0,5675,10,201.38731408119202,0,0,64,19,0,19,0,0
0.0,0.0,0.0,0.0,0.0,0.0,0.0,0.0,0.0,0.0,5685,10,201.79492473602295,0,0,74,34,0,34,0,0
0.0,0.0,0.0,0.0,0.0,0.0,0.0,0.0,0.0,0.0,5695,10,202.1396837234497,0,0,63,21,0,21,0,0
0.0,0.0,0.0,0.0,0.0,0.0,0.0,0.0,0.0,0.0,5705,10,202.5628719329834,0,0,65,38,0,38,0,0
0.0,0.0,0.0,0.0,0.0,0.0,0.0,0.0,0.0,0.0,5715,10,202.9159095287323,0,0,66,21,0,21,0,0
0.0,0.0,0.0,0.0,0.0,0.0,0.0,0.0,0.0,0.0,5725,10,203.19497513771057,0,0,59,13,0,13,0,0
0.0,0.0,0.0,0.0,0.0,0.0,0.0,0.0,0.0,0.0,5735,10,203.54662656784058,0,0,58,26,0,26,0,0
0.0,0.0,0.0,0.0,0.0,0.0,0.0,0.0,0.0,0.0,5745,10,204.04538917541504,0,0,66,46,0,46,0,0
0.0,0.0,0.0,0.0,0.0,0.0,0.0,0.0,0.0,0.0,5755,10,204.3421115875244,0,0,59,13,0,13,0,0
0.0,0.0,0.0,0.0,0.0,0.0,0.0,0.0,0.0,0.0,5765,10,204.66453528404236,0,0,59,19,0,19,0,0
0.0,0.0,0.0,0.0,0.0,0.0,0.0,0.0,0.0,0.0,5775,10,204.95095205307007,0,0,56,9,0,9,0,0
0.0,0.0,0.0,0.0,0.0,0.0,0.0,0.0,0.0,0.0,5785,10,205.32589960098267,0,0,58,27,0,27,0,0
0.0,0.0,0.0,0.0,0.0,0.0,0.0,0.0,0.0,0.0,5795,10,205.6190857887268,0,0,59,15,0,15,0,0
0.0,0.0,0.0,0.0,0.0,0.0,0.0,0.0,0.0,0.0,5805,10,206.17204880714417,0,0,79,57,0,57,0,0
0.0,0.0,0.0,0.0,0.0,0.0,0.0,0.0,0.0,0.0,5815,10,206.64518666267395,0,0,67,43,0,43,0,0
0.0,0.0,0.0,0.0,0.0,0.0,0.0,0.0,0.0,0.0,5825,10,207.0983531475067,0,0,71,38,0,38,0,0
0.0,0.0,0.0,0.0,0.0,0.0,0.0,0.0,0.0,0.0,5835,10,207.51751399040222,0,0,75,34,0,34,0,0
0.0,0.0,0.0,0.0,0.0,0.0,0.0,0.0,0.0,0.0,5845,10,207.87371563911438,0,0,63,24,0,24,0,0
0.0,0.0,0.0,0.0,0.0,0.0,0.0,0.0,0.0,0.0,5855,10,208.2320954799652,0,0,65,26,0,26,0,0
0.0,0.0,0.0,0.0,0.0,0.0,0.0,0.0,0.0,0.0,5865,10,208.59453296661377,0,0,68,26,0,26,0,0
0.0,0.0,0.0,0.0,0.0,0.0,0.0,0.0,0.0,0.0,5875,10,209.0114369392395,0,0,71,34,0,34,0,0
0.0,0.0,0.0,0.0,0.0,0.0,0.0,0.0,0.0,0.0,5885,10,209.3737132549286,0,0,59,29,0,29,0,0
0.0,0.0,0.0,0.0,0.0,0.0,0.0,0.0,0.0,0.0,5895,10,209.62623000144958,0,0,48,15,0,15,0,0
0.0,0.0,0.0,0.0,0.0,0.0,0.0,0.0,0.0,0.0,5905,10,209.9927065372467,0,0,61,31,0,31,0,0
0.0,0.0,0.0,0.0,0.0,0.0,0.0,0.0,0.0,0.0,5915,10,210.40883111953735,0,0,69,34,0,34,0,0
0.0,0.0,0.0,0.0,0.0,0.0,0.0,0.0,0.0,0.0,5925,10,210.8918492794037,0,0,77,48,0,48,0,0
0.0,0.0,0.0,0.0,0.0,0.0,0.0,0.0,0.0,0.0,5935,10,211.28043389320374,0,0,70,29,0,29,0,0
0.0,0.0,0.0,0.0,0.0,0.0,0.0,0.0,0.0,0.0,5945,10,211.8756172657013,0,0,91,63,0,63,0,0
0.0,0.0,0.0,0.0,0.0,0.0,0.0,0.0,0.0,0.0,5955,10,212.2513370513916,0,0,70,24,0,24,0,0
0.0,0.0,0.0,0.0,0.0,0.0,0.0,0.0,0.0,0.0,5965,10,212.7202854156494,0,0,69,51,0,51,0,0
0.0,0.0,0.0,0.0,0.0,0.0,0.0,0.0,0.0,0.0,5975,10,213.17879724502563,0,0,77,45,0,45,0,0
0.0,0.0,0.0,0.0,0.0,0.0,0.0,0.0,0.0,0.0,5985,10,213.52104210853577,0,0,55,23,0,23,0,0
0.0,0.0,0.0,0.0,0.0,0.0,0.0,0.0,0.0,0.0,5995,10,213.92004466056824,0,0,65,35,0,35,0,0
0.0,0.0,0.0,0.0,0.0,0.0,0.0,0.0,0.0,0.0,6005,10,214.21693205833435,0,0,52,18,0,18,0,0
0.0,0.0,0.0,0.0,0.0,0.0,0.0,0.0,0.0,0.0,6015,10,214.66467785835266,0,0,72,42,0,42,0,0
0.0,0.0,0.0,0.0,0.0,0.0,0.0,0.0,0.0,0.0,6025,10,215.034006357193,0,0,69,28,0,28,0,0
0.0,0.0,0.0,0.0,0.0,0.0,0.0,0.0,0.0,0.0,6035,10,215.3848204612732,0,0,64,24,0,24,0,0
0.0,0.0,0.0,0.0,0.0,0.0,0.0,0.0,0.0,0.0,6045,10,215.7286615371704,0,0,60,22,0,22,0,0
0.0,0.0,0.0,0.0,0.0,0.0,0.0,0.0,0.0,0.0,6055,10,216.01934957504272,0,0,58,15,0,15,0,0
0.0,0.0,0.0,0.0,0.0,0.0,0.0,0.0,0.0,0.0,6065,10,216.28729391098022,0,0,55,8,0,8,0,0
0.0,0.0,0.0,0.0,0.0,0.0,0.0,0.0,0.0,0.0,6075,10,216.71763944625854,0,0,67,41,0,41,0,0
0.0,0.0,0.0,0.0,0.0,0.0,0.0,0.0,0.0,0.0,6085,10,217.16392970085144,0,0,71,41,0,41,0,0
0.0,0.0,0.0,0.0,0.0,0.0,0.0,0.0,0.0,0.0,6095,10,217.44881963729858,0,0,59,11,0,11,0,0
0.0,0.0,0.0,0.0,0.0,0.0,0.0,0.0,0.0,0.0,6105,10,217.87345266342163,0,0,80,29,0,29,0,0
0.0,0.0,0.0,0.0,0.0,0.0,0.0,0.0,0.0,0.0,6115,10,218.24203276634216,0,0,68,27,0,27,0,0
0.0,0.0,0.0,0.0,0.0,0.0,0.0,0.0,0.0,0.0,6125,10,218.74756383895874,0,0,77,39,0,39,0,0
0.0,0.0,0.0,0.0,0.0,0.0,0.0,0.0,0.0,0.0,6135,10,219.1862714290619,0,0,66,42,0,42,0,0
0.0,0.0,0.0,0.0,0.0,0.0,0.0,0.0,0.0,0.0,6145,10,219.5766725540161,0,0,68,28,0,28,0,0
0.0,0.0,0.0,0.0,0.0,0.0,0.0,0.0,0.0,0.0,6155,10,219.95790815353394,0,0,58,31,0,31,0,0
0.0,0.0,0.0,0.0,0.0,0.0,0.0,0.0,0.0,0.0,6165,10,220.3449182510376,0,0,67,25,0,25,0,0
0.0,0.0,0.0,0.0,0.0,0.0,0.0,0.0,0.0,0.0,6175,10,220.72143149375916,0,0,65,29,0,29,0,0
0.0,0.0,0.0,0.0,0.0,0.0,0.0,0.0,0.0,0.0,6185,10,221.09288787841797,0,0,72,27,0,27,0,0
0.0,0.0,0.0,0.0,0.0,0.0,0.0,0.0,0.0,0.0,6195,10,221.42565751075745,0,0,61,22,0,22,0,0
0.0,0.0,0.0,0.0,0.0,0.0,0.0,0.0,0.0,0.0,6205,10,221.76178097724915,0,0,67,19,0,19,0,0
0.0,0.0,0.0,0.0,0.0,0.0,0.0,0.0,0.0,0.0,6215,10,222.05119967460632,0,0,56,13,0,13,0,0
0.0,0.0,0.0,0.0,0.0,0.0,0.0,0.0,0.0,0.0,6225,10,222.35376691818237,0,0,63,11,0,11,0,0
0.0,0.0,0.0,0.0,0.0,0.0,0.0,0.0,0.0,0.0,6235,10,222.76159119606018,0,0,73,28,0,28,0,0
0.0,0.0,0.0,0.0,0.0,0.0,0.0,0.0,0.0,0.0,6245,10,223.14091563224792,0,0,68,26,0,26,0,0
0.0,0.0,0.0,0.0,0.0,0.0,0.0,0.0,0.0,0.0,6255,10,223.49299454689026,0,0,62,22,0,22,0,0
0.0,0.0,0.0,0.0,0.0,0.0,0.0,0.0,0.0,0.0,6265,10,223.93543934822083,0,0,67,41,0,41,0,0
0.0,0.0,0.0,0.0,0.0,0.0,0.0,0.0,0.0,0.0,6275,10,224.2942988872528,0,0,71,22,0,22,0,0
0.0,0.0,0.0,0.0,0.0,0.0,0.0,0.0,0.0,0.0,6285,10,224.60347151756287,0,0,59,18,0,18,0,0
0.0,0.0,0.0,0.0,0.0,0.0,0.0,0.0,0.0,0.0,6295,10,224.9371373653412,0,0,68,20,0,20,0,0
0.0,0.0,0.0,0.0,0.0,0.0,0.0,0.0,0.0,0.0,6305,10,225.31952095031738,0,0,70,27,0,27,0,0
0.0,0.0,0.0,0.0,0.0,0.0,0.0,0.0,0.0,0.0,6315,10,225.74621295928955,0,0,69,37,0,37,0,0
0.0,0.0,0.0,0.0,0.0,0.0,0.0,0.0,0.0,0.0,6325,10,226.06946754455566,0,0,60,22,0,22,0,0
0.0,0.0,0.0,0.0,0.0,0.0,0.0,0.0,0.0,0.0,6335,10,226.47058987617493,0,0,65,31,0,31,0,0
0.0,0.0,0.0,0.0,0.0,0.0,0.0,0.0,0.0,0.0,6345,10,226.85946130752563,0,0,68,27,0,27,0,0
0.0,0.0,0.0,0.0,0.0,0.0,0.0,0.0,0.0,0.0,6355,10,227.21767449378967,0,0,63,27,0,27,0,0
0.0,0.0,0.0,0.0,0.0,0.0,0.0,0.0,0.0,0.0,6365,10,227.52858805656433,0,0,60,18,0,18,0,0
0.0,0.0,0.0,0.0,0.0,0.0,0.0,0.0,0.0,0.0,6375,10,227.9409077167511,0,0,60,40,0,40,0,0
0.0,0.0,0.0,0.0,0.0,0.0,0.0,0.0,0.0,0.0,6385,10,228.38380217552185,0,0,74,44,0,44,0,0
0.0,0.0,0.0,0.0,0.0,0.0,0.0,0.0,0.0,0.0,6395,10,228.78463768959045,0,0,67,32,0,32,0,0
0.0,0.0,0.0,0.0,0.0,0.0,0.0,0.0,0.0,0.0,6405,10,229.20874094963074,0,0,72,30,0,30,0,0
0.0,0.0,0.0,0.0,0.0,0.0,0.0,0.0,0.0,0.0,6415,10,229.6213879585266,0,0,68,31,0,31,0,0
0.0,0.0,0.0,0.0,0.0,0.0,0.0,0.0,0.0,0.0,6425,10,230.05384016036987,0,0,66,44,0,44,0,0
0.0,0.0,0.0,0.0,0.0,0.0,0.0,0.0,0.0,0.0,6435,10,230.5320529937744,0,0,74,45,0,45,0,0
0.0,0.0,0.0,0.0,0.0,0.0,0.0,0.0,0.0,0.0,6445,10,230.85458040237427,0,0,60,19,0,19,0,0
0.0,0.0,0.0,0.0,0.0,0.0,0.0,0.0,0.0,0.0,6455,10,231.24603056907654,0,0,62,33,0,33,0,0
0.0,0.0,0.0,0.0,0.0,0.0,0.0,0.0,0.0,0.0,6465,10,231.62241196632385,0,0,69,28,0,28,0,0
0.0,0.0,0.0,0.0,0.0,0.0,0.0,0.0,0.0,0.0,6475,10,231.97125673294067,0,0,69,15,0,15,0,0
0.0,0.0,0.0,0.0,0.0,0.0,0.0,0.0,0.0,0.0,6485,10,232.38737511634827,0,0,71,34,0,34,0,0
0.0,0.0,0.0,0.0,0.0,0.0,0.0,0.0,0.0,0.0,6495,10,232.73062205314636,0,0,63,19,0,19,0,0
0.0,0.0,0.0,0.0,0.0,0.0,0.0,0.0,0.0,0.0,6505,10,233.07547402381897,0,0,62,21,0,21,0,0
0.0,0.0,0.0,0.0,0.0,0.0,0.0,0.0,0.0,0.0,6515,10,233.47782468795776,0,0,71,27,0,27,0,0
0.0,0.0,0.0,0.0,0.0,0.0,0.0,0.0,0.0,0.0,6525,10,233.78161573410034,0,0,57,18,0,18,0,0
0.0,0.0,0.0,0.0,0.0,0.0,0.0,0.0,0.0,0.0,6535,10,234.1351420879364,0,0,69,23,0,23,0,0
0.0,0.0,0.0,0.0,0.0,0.0,0.0,0.0,0.0,0.0,6545,10,234.57821464538574,0,0,67,41,0,41,0,0
0.0,0.0,0.0,0.0,0.0,0.0,0.0,0.0,0.0,0.0,6555,10,234.99387860298157,0,0,57,43,0,43,0,0
0.0,0.0,0.0,0.0,0.0,0.0,0.0,0.0,0.0,0.0,6565,10,235.31957364082336,0,0,57,19,0,19,0,0
0.0,0.0,0.0,0.0,0.0,0.0,0.0,0.0,0.0,0.0,6575,10,235.69556379318237,0,0,68,25,0,25,0,0
0.0,0.0,0.0,0.0,0.0,0.0,0.0,0.0,0.0,0.0,6585,10,236.1466989517212,0,0,79,34,0,34,0,0
0.0,0.0,0.0,0.0,0.0,0.0,0.0,0.0,0.0,0.0,6595,10,236.5235311985016,0,0,68,24,0,24,0,0
0.0,0.0,0.0,0.0,0.0,0.0,0.0,0.0,0.0,0.0,6605,10,236.95217299461365,0,0,68,41,0,41,0,0
0.0,0.0,0.0,0.0,0.0,0.0,0.0,0.0,0.0,0.0,6615,10,237.27502822875977,0,0,57,20,0,20,0,0
0.0,0.0,0.0,0.0,0.0,0.0,0.0,0.0,0.0,0.0,6625,10,237.7173047065735,0,0,63,36,0,36,0,0
0.0,0.0,0.0,0.0,0.0,0.0,0.0,0.0,0.0,0.0,6635,10,238.0797290802002,0,0,69,30,0,30,0,0
0.0,0.0,0.0,0.0,0.0,0.0,0.0,0.0,0.0,0.0,6645,10,238.43294882774353,0,0,75,20,0,20,0,0
0.0,0.0,0.0,0.0,0.0,0.0,0.0,0.0,0.0,0.0,6655,10,238.93339800834656,0,0,79,46,0,46,0,0
0.0,0.0,0.0,0.0,0.0,0.0,0.0,0.0,0.0,0.0,6665,10,239.27156734466553,0,0,63,22,0,22,0,0
0.0,0.0,0.0,0.0,0.0,0.0,0.0,0.0,0.0,0.0,6675,10,239.63227820396423,0,0,58,29,0,29,0,0
0.0,0.0,0.0,0.0,0.0,0.0,0.0,0.0,0.0,0.0,6685,10,240.23689532279968,0,0,88,72,0,72,0,0
0.0,0.0,0.0,0.0,0.0,0.0,0.0,0.0,0.0,0.0,6695,10,240.58976006507874,0,0,64,24,0,24,0,0
0.0,0.0,0.0,0.0,0.0,0.0,0.0,0.0,0.0,0.0,6705,10,240.96917915344238,0,0,65,23,0,23,0,0
0.0,0.0,0.0,0.0,0.0,0.0,0.0,0.0,0.0,0.0,6715,10,241.4241681098938,0,0,62,41,0,41,0,0
0.0,0.0,0.0,0.0,0.0,0.0,0.0,0.0,0.0,0.0,6725,10,241.88346028327942,0,0,66,39,0,39,0,0
0.0,0.0,0.0,0.0,0.0,0.0,0.0,0.0,0.0,0.0,6735,10,242.245023727417,0,0,62,26,0,26,0,0
0.0,0.0,0.0,0.0,0.0,0.0,0.0,0.0,0.0,0.0,6745,10,242.6802716255188,0,0,69,32,0,32,0,0
0.0,0.0,0.0,0.0,0.0,0.0,0.0,0.0,0.0,0.0,6755,10,243.0325026512146,0,0,61,26,0,26,0,0
0.0,0.0,0.0,0.0,0.0,0.0,0.0,0.0,0.0,0.0,6765,10,243.45383286476135,0,0,75,32,0,32,0,0
0.0,0.0,0.0,0.0,0.0,0.0,0.0,0.0,0.0,0.0,6775,10,243.90347862243652,0,0,68,43,0,43,0,0
0.0,0.0,0.0,0.0,0.0,0.0,0.0,0.0,0.0,0.0,6785,10,244.3748140335083,0,0,70,48,0,48,0,0
0.0,0.0,0.0,0.0,0.0,0.0,0.0,0.0,0.0,0.0,6795,10,244.7296907901764,0,0,61,21,0,21,0,0
0.0,0.0,0.0,0.0,0.0,0.0,0.0,0.0,0.0,0.0,6805,10,245.05574703216553,0,0,53,22,0,22,0,0
0.0,0.0,0.0,0.0,0.0,0.0,0.0,0.0,0.0,0.0,6815,10,245.45145440101624,0,0,53,32,0,32,0,0
0.0,0.0,0.0,0.0,0.0,0.0,0.0,0.0,0.0,0.0,6825,10,245.79470491409302,0,0,67,18,0,18,0,0
0.0,0.0,0.0,0.0,0.0,0.0,0.0,0.0,0.0,0.0,6835,10,246.24892020225525,0,0,69,34,0,34,0,0
0.0,0.0,0.0,0.0,0.0,0.0,0.0,0.0,0.0,0.0,6845,10,246.67097902297974,0,0,67,35,0,35,0,0
0.0,0.0,0.0,0.0,0.0,0.0,0.0,0.0,0.0,0.0,6855,10,247.07275915145874,0,0,61,33,0,33,0,0
0.0,0.0,0.0,0.0,0.0,0.0,0.0,0.0,0.0,0.0,6865,10,247.38403582572937,0,0,64,13,0,13,0,0
0.0,0.0,0.0,0.0,0.0,0.0,0.0,0.0,0.0,0.0,6875,10,247.73447728157043,0,0,61,22,0,22,0,0
0.0,0.0,0.0,0.0,0.0,0.0,0.0,0.0,0.0,0.0,6885,10,248.12222146987915,0,0,61,31,0,31,0,0
0.0,0.0,0.0,0.0,0.0,0.0,0.0,0.0,0.0,0.0,6895,10,248.42347359657288,0,0,60,12,0,12,0,0
0.0,0.0,0.0,0.0,0.0,0.0,0.0,0.0,0.0,0.0,6905,10,248.73727178573608,0,0,59,14,0,14,0,0
0.0,0.0,0.0,0.0,0.0,0.0,0.0,0.0,0.0,0.0,6915,10,249.17776942253113,0,0,76,35,0,35,0,0
0.0,0.0,0.0,0.0,0.0,0.0,0.0,0.0,0.0,0.0,6925,10,249.64483642578125,0,0,68,43,0,43,0,0
0.0,0.0,0.0,0.0,0.0,0.0,0.0,0.0,0.0,0.0,6935,10,250.25260972976685,0,0,83,67,0,67,0,0
0.0,0.0,0.0,0.0,0.0,0.0,0.0,0.0,0.0,0.0,6945,10,250.6262640953064,0,0,56,30,0,30,0,0
0.0,0.0,0.0,0.0,0.0,0.0,0.0,0.0,0.0,0.0,6955,10,251.0327444076538,0,0,66,34,0,34,0,0
0.0,0.0,0.0,0.0,0.0,0.0,0.0,0.0,0.0,0.0,6965,10,251.4190821647644,0,0,71,31,0,31,0,0
0.0,0.0,0.0,0.0,0.0,0.0,0.0,0.0,0.0,0.0,6975,10,251.88482284545898,0,0,80,39,0,39,0,0
0.0,0.0,0.0,0.0,0.0,0.0,0.0,0.0,0.0,0.0,6985,10,252.35533046722412,0,0,80,41,0,41,0,0
0.0,0.0,0.0,0.0,0.0,0.0,0.0,0.0,0.0,0.0,6995,10,252.6982135772705,0,0,54,30,0,30,0,0
0.0,0.0,0.0,0.0,0.0,0.0,0.0,0.0,0.0,0.0,7005,10,253.17329502105713,0,0,79,44,0,44,0,0
0.0,0.0,0.0,0.0,0.0,0.0,0.0,0.0,0.0,0.0,7015,10,253.44542694091797,0,0,58,7,0,7,0,0
0.0,0.0,0.0,0.0,0.0,0.0,0.0,0.0,0.0,0.0,7025,10,253.84919905662537,0,0,68,31,0,31,0,0
0.0,0.0,0.0,0.0,0.0,0.0,0.0,0.0,0.0,0.0,7035,10,254.35212993621826,0,0,83,52,0,52,0,0
0.0,0.0,0.0,0.0,0.0,0.0,0.0,0.0,0.0,0.0,7045,10,254.6512975692749,0,0,59,18,0,18,0,0
0.0,0.0,0.0,0.0,0.0,0.0,0.0,0.0,0.0,0.0,7055,10,255.110684633255,0,0,71,39,0,39,0,0
0.0,0.0,0.0,0.0,0.0,0.0,0.0,0.0,0.0,0.0,7065,10,255.6052167415619,0,0,69,57,0,57,0,0
0.0,0.0,0.0,0.0,0.0,0.0,0.0,0.0,0.0,0.0,7075,10,256.00303626060486,0,0,59,37,0,37,0,0
0.0,0.0,0.0,0.0,0.0,0.0,0.0,0.0,0.0,0.0,7085,10,256.4229636192322,0,0,76,33,0,33,0,0
0.0,0.0,0.0,0.0,0.0,0.0,0.0,0.0,0.0,0.0,7095,10,256.7566432952881,0,0,61,17,0,17,0,0
0.0,0.0,0.0,0.0,0.0,0.0,0.0,0.0,0.0,0.0,7105,10,257.2437424659729,0,0,74,44,0,44,0,0
0.0,0.0,0.0,0.0,0.0,0.0,0.0,0.0,0.0,0.0,7115,10,257.5742115974426,0,0,58,20,0,20,0,0
0.0,0.0,0.0,0.0,0.0,0.0,0.0,0.0,0.0,0.0,7125,10,257.8462288379669,0,0,52,12,0,12,0,0
0.0,0.0,0.0,0.0,0.0,0.0,0.0,0.0,0.0,0.0,7135,10,258.18911623954773,0,0,66,22,0,22,0,0
0.0,0.0,0.0,0.0,0.0,0.0,0.0,0.0,0.0,0.0,7145,10,258.57498693466187,0,0,56,30,0,30,0,0
0.0,0.0,0.0,0.0,0.0,0.0,0.0,0.0,0.0,0.0,7155,10,258.99969601631165,0,0,70,35,0,35,0,0
0.0,0.0,0.0,0.0,0.0,0.0,0.0,0.0,0.0,0.0,7165,10,259.5046775341034,0,0,81,41,0,41,0,0
0.0,0.0,0.0,0.0,0.0,0.0,0.0,0.0,0.0,0.0,7175,10,259.85782194137573,0,0,59,9,0,9,0,0
0.0,0.0,0.0,0.0,0.0,0.0,0.0,0.0,0.0,0.0,7185,10,260.2281641960144,0,0,69,21,0,21,0,0
0.0,0.0,0.0,0.0,0.0,0.0,0.0,0.0,0.0,0.0,7195,10,260.5867757797241,0,0,58,24,0,24,0,0
0.0,0.0,0.0,0.0,0.0,0.0,0.0,0.0,0.0,0.0,7205,10,261.1461477279663,0,0,81,58,0,58,0,0
0.0,0.0,0.0,0.0,0.0,0.0,0.0,0.0,0.0,0.0,7215,10,261.5493714809418,0,0,59,35,0,35,0,0
0.0,0.0,0.0,0.0,0.0,0.0,0.0,0.0,0.0,0.0,7225,10,261.92222237586975,0,0,68,25,0,25,0,0
0.0,0.0,0.0,0.0,0.0,0.0,0.0,0.0,0.0,0.0,7235,10,262.30460143089294,0,0,66,26,0,26,0,0
0.0,0.0,0.0,0.0,0.0,0.0,0.0,0.0,0.0,0.0,7245,10,262.59752082824707,0,0,58,16,0,16,0,0
0.0,0.0,0.0,0.0,0.0,0.0,0.0,0.0,0.0,0.0,7255,10,262.9805760383606,0,0,55,26,0,26,0,0
0.0,0.0,0.0,0.0,0.0,0.0,0.0,0.0,0.0,0.0,7265,10,263.4156143665314,0,0,68,35,0,35,0,0
0.0,0.0,0.0,0.0,0.0,0.0,0.0,0.0,0.0,0.0,7275,10,263.85177779197693,0,0,79,33,0,33,0,0
0.0,0.0,0.0,0.0,0.0,0.0,0.0,0.0,0.0,0.0,7285,10,264.18895506858826,0,0,65,18,0,18,0,0
0.0,0.0,0.0,0.0,0.0,0.0,0.0,0.0,0.0,0.0,7295,10,264.6283447742462,0,0,75,35,0,35,0,0
0.0,0.0,0.0,0.0,0.0,0.0,0.0,0.0,0.0,0.0,7305,10,265.0555634498596,0,0,67,35,0,35,0,0
0.0,0.0,0.0,0.0,0.0,0.0,0.0,0.0,0.0,0.0,7315,10,265.44163155555725,0,0,62,32,0,32,0,0
0.0,0.0,0.0,0.0,0.0,0.0,0.0,0.0,0.0,0.0,7325,10,265.91442489624023,0,0,70,47,0,47,0,0
0.0,0.0,0.0,0.0,0.0,0.0,0.0,0.0,0.0,0.0,7335,10,266.1987750530243,0,0,58,10,0,10,0,0
0.0,0.0,0.0,0.0,0.0,0.0,0.0,0.0,0.0,0.0,7345,10,266.6070148944855,0,0,70,32,0,32,0,0
0.0,0.0,0.0,0.0,0.0,0.0,0.0,0.0,0.0,0.0,7355,10,266.97294306755066,0,0,55,33,0,33,0,0
0.0,0.0,0.0,0.0,0.0,0.0,0.0,0.0,0.0,0.0,7365,10,267.3795518875122,0,0,61,32,0,32,0,0
0.0,0.0,0.0,0.0,0.0,0.0,0.0,0.0,0.0,0.0,7375,10,267.7291417121887,0,0,61,26,0,26,0,0
0.0,0.0,0.0,0.0,0.0,0.0,0.0,0.0,0.0,0.0,7385,10,268.0832886695862,0,0,66,20,0,20,0,0
0.0,0.0,0.0,0.0,0.0,0.0,0.0,0.0,0.0,0.0,7395,10,268.45268416404724,0,0,66,24,0,24,0,0
0.0,0.0,0.0,0.0,0.0,0.0,0.0,0.0,0.0,0.0,7405,10,268.9196584224701,0,0,66,47,0,47,0,0
0.0,0.0,0.0,0.0,0.0,0.0,0.0,0.0,0.0,0.0,7415,10,269.41145873069763,0,0,70,53,0,53,0,0
0.0,0.0,0.0,0.0,0.0,0.0,0.0,0.0,0.0,0.0,7425,10,269.7337884902954,0,0,60,19,0,19,0,0
0.0,0.0,0.0,0.0,0.0,0.0,0.0,0.0,0.0,0.0,7435,10,270.19006848335266,0,0,69,43,0,43,0,0
0.0,0.0,0.0,0.0,0.0,0.0,0.0,0.0,0.0,0.0,7445,10,270.53765392303467,0,0,65,19,0,19,0,0
0.0,0.0,0.0,0.0,0.0,0.0,0.0,0.0,0.0,0.0,7455,10,270.9420123100281,0,0,66,30,0,30,0,0
0.0,0.0,0.0,0.0,0.0,0.0,0.0,0.0,0.0,0.0,7465,10,271.38570952415466,0,0,65,41,0,41,0,0
0.0,0.0,0.0,0.0,0.0,0.0,0.0,0.0,0.0,0.0,7475,10,271.7494535446167,0,0,56,28,0,28,0,0
0.0,0.0,0.0,0.0,0.0,0.0,0.0,0.0,0.0,0.0,7485,10,272.16734886169434,0,0,69,32,0,32,0,0
0.0,0.0,0.0,0.0,0.0,0.0,0.0,0.0,0.0,0.0,7495,10,272.5385835170746,0,0,64,19,0,19,0,0
0.0,0.0,0.0,0.0,0.0,0.0,0.0,0.0,0.0,0.0,7505,10,272.8564143180847,0,0,70,12,0,12,0,0
0.0,0.0,0.0,0.0,0.0,0.0,0.0,0.0,0.0,0.0,7515,10,273.27398324012756,0,0,70,33,0,33,0,0
0.0,0.0,0.0,0.0,0.0,0.0,0.0,0.0,0.0,0.0,7525,10,273.59407114982605,0,0,54,20,0,20,0,0
0.0,0.0,0.0,0.0,0.0,0.0,0.0,0.0,0.0,0.0,7535,10,273.9624283313751,0,0,68,22,0,22,0,0
0.0,0.0,0.0,0.0,0.0,0.0,0.0,0.0,0.0,0.0,7545,10,274.30712628364563,0,0,57,23,0,23,0,0
0.0,0.0,0.0,0.0,0.0,0.0,0.0,0.0,0.0,0.0,7555,10,274.64453506469727,0,0,60,23,0,23,0,0
0.0,0.0,0.0,0.0,0.0,0.0,0.0,0.0,0.0,0.0,7565,10,275.1066401004791,0,0,64,48,0,48,0,0
0.0,0.0,0.0,0.0,0.0,0.0,0.0,0.0,0.0,0.0,7575,10,275.4391782283783,0,0,69,15,0,15,0,0
0.0,0.0,0.0,0.0,0.0,0.0,0.0,0.0,0.0,0.0,7585,10,275.7235896587372,0,0,54,13,0,13,0,0
0.0,0.0,0.0,0.0,0.0,0.0,0.0,0.0,0.0,0.0,7595,10,276.22587156295776,0,0,92,48,0,48,0,0
0.0,0.0,0.0,0.0,0.0,0.0,0.0,0.0,0.0,0.0,7605,10,276.61718010902405,0,0,66,28,0,28,0,0
0.0,0.0,0.0,0.0,0.0,0.0,0.0,0.0,0.0,0.0,7615,10,276.97367691993713,0,0,58,29,0,29,0,0
0.0,0.0,0.0,0.0,0.0,0.0,0.0,0.0,0.0,0.0,7625,10,277.3349859714508,0,0,71,21,0,21,0,0
0.0,0.0,0.0,0.0,0.0,0.0,0.0,0.0,0.0,0.0,7635,10,277.826548576355,0,0,66,50,0,50,0,0
0.0,0.0,0.0,0.0,0.0,0.0,0.0,0.0,0.0,0.0,7645,10,278.31611585617065,0,0,80,49,0,49,0,0
0.0,0.0,0.0,0.0,0.0,0.0,0.0,0.0,0.0,0.0,7655,10,278.73971009254456,0,0,59,37,0,37,0,0
0.0,0.0,0.0,0.0,0.0,0.0,0.0,0.0,0.0,0.0,7665,10,279.0363800525665,0,0,60,13,0,13,0,0
0.0,0.0,0.0,0.0,0.0,0.0,0.0,0.0,0.0,0.0,7675,10,279.3935480117798,0,0,65,23,0,23,0,0
0.0,0.0,0.0,0.0,0.0,0.0,0.0,0.0,0.0,0.0,7685,10,279.7902593612671,0,0,66,32,0,32,0,0
0.0,0.0,0.0,0.0,0.0,0.0,0.0,0.0,0.0,0.0,7695,10,280.06427359580994,0,0,52,9,0,9,0,0
0.0,0.0,0.0,0.0,0.0,0.0,0.0,0.0,0.0,0.0,7705,10,280.40513610839844,0,0,56,23,0,23,0,0
0.0,0.0,0.0,0.0,0.0,0.0,0.0,0.0,0.0,0.0,7715,10,280.80889081954956,0,0,73,31,0,31,0,0
0.0,0.0,0.0,0.0,0.0,0.0,0.0,0.0,0.0,0.0,7725,10,281.14685916900635,0,0,51,24,0,24,0,0
0.0,0.0,0.0,0.0,0.0,0.0,0.0,0.0,0.0,0.0,7735,10,281.54084396362305,0,0,70,25,0,25,0,0
0.0,0.0,0.0,0.0,0.0,0.0,0.0,0.0,0.0,0.0,7745,10,282.08942317962646,0,0,69,58,0,58,0,0
0.0,0.0,0.0,0.0,0.0,0.0,0.0,0.0,0.0,0.0,7755,10,282.5002348423004,0,0,68,30,0,30,0,0
0.0,0.0,0.0,0.0,0.0,0.0,0.0,0.0,0.0,0.0,7765,10,283.0324647426605,0,0,66,55,0,55,0,0
0.0,0.0,0.0,0.0,0.0,0.0,0.0,0.0,0.0,0.0,7775,10,283.4152104854584,0,0,73,24,0,24,0,0
0.0,0.0,0.0,0.0,0.0,0.0,0.0,0.0,0.0,0.0,7785,10,283.7892074584961,0,0,69,24,0,24,0,0
0.0,0.0,0.0,0.0,0.0,0.0,0.0,0.0,0.0,0.0,7795,10,284.1247615814209,0,0,61,21,0,21,0,0
0.0,0.0,0.0,0.0,0.0,0.0,0.0,0.0,0.0,0.0,7805,10,284.4887282848358,0,0,62,23,0,23,0,0
0.0,0.0,0.0,0.0,0.0,0.0,0.0,0.0,0.0,0.0,7815,10,284.92599606513977,0,0,62,38,0,38,0,0
0.0,0.0,0.0,0.0,0.0,0.0,0.0,0.0,0.0,0.0,7825,10,285.26064682006836,0,0,63,17,0,17,0,0
0.0,0.0,0.0,0.0,0.0,0.0,0.0,0.0,0.0,0.0,7835,10,285.8244957923889,0,0,84,62,0,62,0,0
0.0,0.0,0.0,0.0,0.0,0.0,0.0,0.0,0.0,0.0,7845,10,286.21027874946594,0,0,66,25,0,25,0,0
0.0,0.0,0.0,0.0,0.0,0.0,0.0,0.0,0.0,0.0,7855,10,286.60980582237244,0,0,67,29,0,29,0,0
0.0,0.0,0.0,0.0,0.0,0.0,0.0,0.0,0.0,0.0,7865,10,287.00222611427307,0,0,67,27,0,27,0,0
0.0,0.0,0.0,0.0,0.0,0.0,0.0,0.0,0.0,0.0,7875,10,287.37697172164917,0,0,68,26,0,26,0,0
0.0,0.0,0.0,0.0,0.0,0.0,0.0,0.0,0.0,0.0,7885,10,287.88763642311096,0,0,73,47,0,47,0,0
0.0,0.0,0.0,0.0,0.0,0.0,0.0,0.0,0.0,0.0,7895,10,288.3151652812958,0,0,69,37,0,37,0,0
0.0,0.0,0.0,0.0,0.0,0.0,0.0,0.0,0.0,0.0,7905,10,288.7917594909668,0,0,71,45,0,45,0,0
0.0,0.0,0.0,0.0,0.0,0.0,0.0,0.0,0.0,0.0,7915,10,289.26693630218506,0,0,74,43,0,43,0,0
0.0,0.0,0.0,0.0,0.0,0.0,0.0,0.0,0.0,0.0,7925,10,289.5786716938019,0,0,54,18,0,18,0,0
0.0,0.0,0.0,0.0,0.0,0.0,0.0,0.0,0.0,0.0,7935,10,289.90150713920593,0,0,55,23,0,23,0,0
0.0,0.0,0.0,0.0,0.0,0.0,0.0,0.0,0.0,0.0,7945,10,290.2694306373596,0,0,60,26,0,26,0,0
0.0,0.0,0.0,0.0,0.0,0.0,0.0,0.0,0.0,0.0,7955,10,290.72160029411316,0,0,76,38,0,38,0,0
0.0,0.0,0.0,0.0,0.0,0.0,0.0,0.0,0.0,0.0,7965,10,291.1726462841034,0,0,68,34,0,34,0,0
0.0,0.0,0.0,0.0,0.0,0.0,0.0,0.0,0.0,0.0,7975,10,291.5633313655853,0,0,72,29,0,29,0,0
0.0,0.0,0.0,0.0,0.0,0.0,0.0,0.0,0.0,0.0,7985,10,291.9953143596649,0,0,69,33,0,33,0,0
0.0,0.0,0.0,0.0,0.0,0.0,0.0,0.0,0.0,0.0,7995,10,292.2928133010864,0,0,57,12,0,12,0,0
0.0,0.0,0.0,0.0,0.0,0.0,0.0,0.0,0.0,0.0,8005,10,292.74848103523254,0,0,64,40,0,40,0,0
0.0,0.0,0.0,0.0,0.0,0.0,0.0,0.0,0.0,0.0,8015,10,293.0893793106079,0,0,62,17,0,17,0,0
0.0,0.0,0.0,0.0,0.0,0.0,0.0,0.0,0.0,0.0,8025,10,293.47779846191406,0,0,59,32,0,32,0,0
0.0,0.0,0.0,0.0,0.0,0.0,0.0,0.0,0.0,0.0,8035,10,293.92393159866333,0,0,74,35,0,35,0,0
0.0,0.0,0.0,0.0,0.0,0.0,0.0,0.0,0.0,0.0,8045,10,294.39576864242554,0,0,63,46,0,46,0,0
0.0,0.0,0.0,0.0,0.0,0.0,0.0,0.0,0.0,0.0,8055,10,294.8305404186249,0,0,67,39,0,39,0,0
0.0,0.0,0.0,0.0,0.0,0.0,0.0,0.0,0.0,0.0,8065,10,295.1913743019104,0,0,62,24,0,24,0,0
0.0,0.0,0.0,0.0,0.0,0.0,0.0,0.0,0.0,0.0,8075,10,295.52326369285583,0,0,55,19,0,19,0,0
0.0,0.0,0.0,0.0,0.0,0.0,0.0,0.0,0.0,0.0,8085,10,295.96765756607056,0,0,68,36,0,36,0,0
0.0,0.0,0.0,0.0,0.0,0.0,0.0,0.0,0.0,0.0,8095,10,296.42727279663086,0,0,76,43,0,43,0,0
0.0,0.0,0.0,0.0,0.0,0.0,0.0,0.0,0.0,0.0,8105,10,296.92321586608887,0,0,81,46,0,46,0,0
0.0,0.0,0.0,0.0,0.0,0.0,0.0,0.0,0.0,0.0,8115,10,297.36771750450134,0,0,58,43,0,43,0,0
0.0,0.0,0.0,0.0,0.0,0.0,0.0,0.0,0.0,0.0,8125,10,297.65245366096497,0,0,57,12,0,12,0,0
0.0,0.0,0.0,0.0,0.0,0.0,0.0,0.0,0.0,0.0,8135,10,298.0042209625244,0,0,59,22,0,22,0,0
0.0,0.0,0.0,0.0,0.0,0.0,0.0,0.0,0.0,0.0,8145,10,298.2970995903015,0,0,59,11,0,11,0,0
0.0,0.0,0.0,0.0,0.0,0.0,0.0,0.0,0.0,0.0,8155,10,298.832567691803,0,0,82,51,0,51,0,0
0.0,0.0,0.0,0.0,0.0,0.0,0.0,0.0,0.0,0.0,8165,10,299.2639899253845,0,0,68,35,0,35,0,0
0.0,0.0,0.0,0.0,0.0,0.0,0.0,0.0,0.0,0.0,8175,10,299.63950181007385,0,0,64,31,0,31,0,0
0.0,0.0,0.0,0.0,0.0,0.0,0.0,0.0,0.0,0.0,8185,10,299.9771935939789,0,0,58,19,0,19,0,0
0.0,0.0,0.0,0.0,0.0,0.0,0.0,0.0,0.0,0.0,8195,10,300.3216714859009,0,0,55,21,0,21,0,0
0.0,0.0,0.0,0.0,0.0,0.0,0.0,0.0,0.0,0.0,8205,10,300.6797516345978,0,0,55,22,0,22,0,0
0.0,0.0,0.0,0.0,0.0,0.0,0.0,0.0,0.0,0.0,8215,10,301.02952241897583,0,0,62,15,0,15,0,0
0.0,0.0,0.0,0.0,0.0,0.0,0.0,0.0,0.0,0.0,8225,10,301.413866519928,0,0,61,24,0,24,0,0
0.0,0.0,0.0,0.0,0.0,0.0,0.0,0.0,0.0,0.0,8235,10,301.73960399627686,0,0,59,20,0,20,0,0
0.0,0.0,0.0,0.0,0.0,0.0,0.0,0.0,0.0,0.0,8245,10,302.1605303287506,0,0,70,34,0,34,0,0
0.0,0.0,0.0,0.0,0.0,0.0,0.0,0.0,0.0,0.0,8255,10,302.44134521484375,0,0,57,9,0,9,0,0
0.0,0.0,0.0,0.0,0.0,0.0,0.0,0.0,0.0,0.0,8265,10,302.84449529647827,0,0,65,30,0,30,0,0
0.0,0.0,0.0,0.0,0.0,0.0,0.0,0.0,0.0,0.0,8275,10,303.2226665019989,0,0,61,28,0,28,0,0
0.0,0.0,0.0,0.0,0.0,0.0,0.0,0.0,0.0,0.0,8285,10,303.58385610580444,0,0,66,21,0,21,0,0
0.0,0.0,0.0,0.0,0.0,0.0,0.0,0.0,0.0,0.0,8295,10,304.0804977416992,0,0,76,51,0,51,0,0
0.0,0.0,0.0,0.0,0.0,0.0,0.0,0.0,0.0,0.0,8305,10,304.501469373703,0,0,60,27,0,27,0,0
0.0,0.0,0.0,0.0,0.0,0.0,0.0,0.0,0.0,0.0,8315,10,305.0077669620514,0,0,59,25,0,25,0,0
0.0,0.0,0.0,0.0,0.0,0.0,0.0,0.0,0.0,0.0,8325,10,305.62861704826355,0,0,65,20,0,20,0,0
0.0,0.0,0.0,0.0,0.0,0.0,0.0,0.0,0.0,0.0,8335,10,306.23885798454285,0,0,56,27,0,27,0,0
0.0,0.0,0.0,0.0,0.0,0.0,0.0,0.0,0.0,0.0,8345,10,306.72050285339355,0,0,65,36,0,36,0,0
0.0,0.0,0.0,0.0,0.0,0.0,0.0,0.0,0.0,0.0,8355,10,307.17840814590454,0,0,76,34,0,34,0,0
0.0,0.0,0.0,0.0,0.0,0.0,0.0,0.0,0.0,0.0,8365,10,307.6321747303009,0,0,73,36,0,36,0,0
0.0,0.0,0.0,0.0,0.0,0.0,0.0,0.0,0.0,0.0,8375,10,308.167334318161,0,0,88,56,0,56,0,0
0.0,0.0,0.0,0.0,0.0,0.0,0.0,0.0,0.0,0.0,8385,10,308.62861680984497,0,0,68,44,0,44,0,0
0.0,0.0,0.0,0.0,0.0,0.0,0.0,0.0,0.0,0.0,8395,10,308.98726081848145,0,0,61,21,0,21,0,0
0.0,0.0,0.0,0.0,0.0,0.0,0.0,0.0,0.0,0.0,8405,10,309.32439732551575,0,0,58,18,0,18,0,0
0.0,0.0,0.0,0.0,0.0,0.0,0.0,0.0,0.0,0.0,8415,10,309.7629134654999,0,0,64,35,0,35,0,0
0.0,0.0,0.0,0.0,0.0,0.0,0.0,0.0,0.0,0.0,8425,10,310.24464678764343,0,0,75,43,0,43,0,0
0.0,0.0,0.0,0.0,0.0,0.0,0.0,0.0,0.0,0.0,8435,10,310.7287528514862,0,0,86,42,0,42,0,0
0.0,0.0,0.0,0.0,0.0,0.0,0.0,0.0,0.0,0.0,8445,10,311.1482012271881,0,0,64,37,0,37,0,0
0.0,0.0,0.0,0.0,0.0,0.0,0.0,0.0,0.0,0.0,8455,10,311.5675232410431,0,0,69,27,0,27,0,0
0.0,0.0,0.0,0.0,0.0,0.0,0.0,0.0,0.0,0.0,8465,10,311.943874835968,0,0,62,30,0,30,0,0
0.0,0.0,0.0,0.0,0.0,0.0,0.0,0.0,0.0,0.0,8475,10,312.2899684906006,0,0,53,22,0,22,0,0
0.0,0.0,0.0,0.0,0.0,0.0,0.0,0.0,0.0,0.0,8485,10,312.607008934021,0,0,60,12,0,12,0,0
0.0,0.0,0.0,0.0,0.0,0.0,0.0,0.0,0.0,0.0,8495,10,313.12749338150024,0,0,71,48,0,48,0,0
0.0,0.0,0.0,0.0,0.0,0.0,0.0,0.0,0.0,0.0,8505,10,313.5365011692047,0,0,65,34,0,34,0,0
0.0,0.0,0.0,0.0,0.0,0.0,0.0,0.0,0.0,0.0,8515,10,313.988329410553,0,0,63,40,0,40,0,0
0.0,0.0,0.0,0.0,0.0,0.0,0.0,0.0,0.0,0.0,8525,10,314.34965085983276,0,0,60,22,0,22,0,0
0.0,0.0,0.0,0.0,0.0,0.0,0.0,0.0,0.0,0.0,8535,10,314.6415364742279,0,0,55,11,0,11,0,0
0.0,0.0,0.0,0.0,0.0,0.0,0.0,0.0,0.0,0.0,8545,10,314.9883089065552,0,0,59,22,0,22,0,0
0.0,0.0,0.0,0.0,0.0,0.0,0.0,0.0,0.0,0.0,8555,10,315.51234889030457,0,0,78,41,0,41,0,0
0.0,0.0,0.0,0.0,0.0,0.0,0.0,0.0,0.0,0.0,8565,10,315.964474439621,0,0,68,41,0,41,0,0
0.0,0.0,0.0,0.0,0.0,0.0,0.0,0.0,0.0,0.0,8575,10,316.3053410053253,0,0,56,22,0,22,0,0
0.0,0.0,0.0,0.0,0.0,0.0,0.0,0.0,0.0,0.0,8585,10,316.8019595146179,0,0,71,44,0,44,0,0
0.0,0.0,0.0,0.0,0.0,0.0,0.0,0.0,0.0,0.0,8595,10,317.2987496852875,0,0,78,46,0,46,0,0
0.0,0.0,0.0,0.0,0.0,0.0,0.0,0.0,0.0,0.0,8605,10,317.5639922618866,0,0,51,10,0,10,0,0
0.0,0.0,0.0,0.0,0.0,0.0,0.0,0.0,0.0,0.0,8615,10,317.9990704059601,0,0,61,36,0,36,0,0
0.0,0.0,0.0,0.0,0.0,0.0,0.0,0.0,0.0,0.0,8625,10,318.38632798194885,0,0,63,30,0,30,0,0
0.0,0.0,0.0,0.0,0.0,0.0,0.0,0.0,0.0,0.0,8635,10,318.7856171131134,0,0,65,31,0,31,0,0
0.0,0.0,0.0,0.0,0.0,0.0,0.0,0.0,0.0,0.0,8645,10,319.258975982666,0,0,92,34,0,34,0,0
0.0,0.0,0.0,0.0,0.0,0.0,0.0,0.0,0.0,0.0,8655,10,319.6261463165283,0,0,56,30,0,30,0,0
0.0,0.0,0.0,0.0,0.0,0.0,0.0,0.0,0.0,0.0,8665,10,320.0616660118103,0,0,73,34,0,34,0,0
0.0,0.0,0.0,0.0,0.0,0.0,0.0,0.0,0.0,0.0,8675,10,320.54023599624634,0,0,83,32,0,32,0,0
0.0,0.0,0.0,0.0,0.0,0.0,0.0,0.0,0.0,0.0,8685,10,320.9818825721741,0,0,65,37,0,37,0,0
0.0,0.0,0.0,0.0,0.0,0.0,0.0,0.0,0.0,0.0,8695,10,321.386027097702,0,0,61,35,0,35,0,0
0.0,0.0,0.0,0.0,0.0,0.0,0.0,0.0,0.0,0.0,8705,10,321.7707357406616,0,0,72,25,0,25,0,0
0.0,0.0,0.0,0.0,0.0,0.0,0.0,0.0,0.0,0.0,8715,10,322.11912059783936,0,0,58,20,0,20,0,0
0.0,0.0,0.0,0.0,0.0,0.0,0.0,0.0,0.0,0.0,8725,10,322.4600043296814,0,0,65,17,0,17,0,0
0.0,0.0,0.0,0.0,0.0,0.0,0.0,0.0,0.0,0.0,8735,10,322.84186244010925,0,0,56,31,0,31,0,0
0.0,0.0,0.0,0.0,0.0,0.0,0.0,0.0,0.0,0.0,8745,10,323.218768119812,0,0,66,23,0,23,0,0
0.0,0.0,0.0,0.0,0.0,0.0,0.0,0.0,0.0,0.0,8755,10,323.6580626964569,0,0,68,36,0,36,0,0
0.0,0.0,0.0,0.0,0.0,0.0,0.0,0.0,0.0,0.0,8765,10,324.1317660808563,0,0,74,37,0,37,0,0
0.0,0.0,0.0,0.0,0.0,0.0,0.0,0.0,0.0,0.0,8775,10,324.5263307094574,0,0,69,33,0,33,0,0
0.0,0.0,0.0,0.0,0.0,0.0,0.0,0.0,0.0,0.0,8785,10,324.8873887062073,0,0,59,19,0,19,0,0
0.0,0.0,0.0,0.0,0.0,0.0,0.0,0.0,0.0,0.0,8795,10,325.3705475330353,0,0,74,46,0,46,0,0
0.0,0.0,0.0,0.0,0.0,0.0,0.0,0.0,0.0,0.0,8805,10,325.70979952812195,0,0,59,23,0,23,0,0
0.0,0.0,0.0,0.0,0.0,0.0,0.0,0.0,0.0,0.0,8815,10,326.09980368614197,0,0,66,26,0,26,0,0
0.0,0.0,0.0,0.0,0.0,0.0,0.0,0.0,0.0,0.0,8825,10,326.4400396347046,0,0,62,17,0,17,0,0
0.0,0.0,0.0,0.0,0.0,0.0,0.0,0.0,0.0,0.0,8835,10,326.7948341369629,0,0,63,21,0,21,0,0
0.0,0.0,0.0,0.0,0.0,0.0,0.0,0.0,0.0,0.0,8845,10,327.218377828598,0,0,69,38,0,38,0,0
0.0,0.0,0.0,0.0,0.0,0.0,0.0,0.0,0.0,0.0,8855,10,327.5720353126526,0,0,60,21,0,21,0,0
0.0,0.0,0.0,0.0,0.0,0.0,0.0,0.0,0.0,0.0,8865,10,328.04553389549255,0,0,73,43,0,43,0,0
0.0,0.0,0.0,0.0,0.0,0.0,0.0,0.0,0.0,0.0,8875,10,328.4714548587799,0,0,69,32,0,32,0,0
0.0,0.0,0.0,0.0,0.0,0.0,0.0,0.0,0.0,0.0,8885,10,328.8917462825775,0,0,68,34,0,34,0,0
0.0,0.0,0.0,0.0,0.0,0.0,0.0,0.0,0.0,0.0,8895,10,329.3037986755371,0,0,61,33,0,33,0,0
0.0,0.0,0.0,0.0,0.0,0.0,0.0,0.0,0.0,0.0,8905,10,329.69275403022766,0,0,69,28,0,28,0,0
0.0,0.0,0.0,0.0,0.0,0.0,0.0,0.0,0.0,0.0,8915,10,330.14266180992126,0,0,68,38,0,38,0,0
0.0,0.0,0.0,0.0,0.0,0.0,0.0,0.0,0.0,0.0,8925,10,330.49987292289734,0,0,64,23,0,23,0,0
0.0,0.0,0.0,0.0,0.0,0.0,0.0,0.0,0.0,0.0,8935,10,330.9804916381836,0,0,78,34,0,34,0,0
0.0,0.0,0.0,0.0,0.0,0.0,0.0,0.0,0.0,0.0,8945,10,331.3426673412323,0,0,64,19,0,19,0,0
0.0,0.0,0.0,0.0,0.0,0.0,0.0,0.0,0.0,0.0,8955,10,331.76800513267517,0,0,67,28,0,28,0,0
0.0,0.0,0.0,0.0,0.0,0.0,0.0,0.0,0.0,0.0,8965,10,332.16986107826233,0,0,69,34,0,34,0,0
0.0,0.0,0.0,0.0,0.0,0.0,0.0,0.0,0.0,0.0,8975,10,332.6255543231964,0,0,63,36,0,36,0,0
0.0,0.0,0.0,0.0,0.0,0.0,0.0,0.0,0.0,0.0,8985,10,333.00635862350464,0,0,62,24,0,24,0,0
0.0,0.0,0.0,0.0,0.0,0.0,0.0,0.0,0.0,0.0,8995,10,333.49626779556274,0,0,81,39,0,39,0,0
0.0,0.0,0.0,0.0,0.0,0.0,0.0,0.0,0.0,0.0,9005,10,333.9754898548126,0,0,65,42,0,42,0,0
0.0,0.0,0.0,0.0,0.0,0.0,0.0,0.0,0.0,0.0,9015,10,334.37398958206177,0,0,70,24,0,24,0,0
0.0,0.0,0.0,0.0,0.0,0.0,0.0,0.0,0.0,0.0,9025,10,334.76910400390625,0,0,71,25,0,25,0,0
0.0,0.0,0.0,0.0,0.0,0.0,0.0,0.0,0.0,0.0,9035,10,335.1537444591522,0,0,63,26,0,26,0,0
0.0,0.0,0.0,0.0,0.0,0.0,0.0,0.0,0.0,0.0,9045,10,335.57722306251526,0,0,64,38,0,38,0,0
0.0,0.0,0.0,0.0,0.0,0.0,0.0,0.0,0.0,0.0,9055,10,335.8934042453766,0,0,55,16,0,16,0,0
0.0,0.0,0.0,0.0,0.0,0.0,0.0,0.0,0.0,0.0,9065,10,336.35178327560425,0,0,73,33,0,33,0,0
0.0,0.0,0.0,0.0,0.0,0.0,0.0,0.0,0.0,0.0,9075,10,336.81646394729614,0,0,72,39,0,39,0,0
0.0,0.0,0.0,0.0,0.0,0.0,0.0,0.0,0.0,0.0,9085,10,337.1861217021942,0,0,55,30,0,30,0,0
0.0,0.0,0.0,0.0,0.0,0.0,0.0,0.0,0.0,0.0,9095,10,337.60031509399414,0,0,77,31,0,31,0,0
0.0,0.0,0.0,0.0,0.0,0.0,0.0,0.0,0.0,0.0,9105,10,337.9899477958679,0,0,77,24,0,24,0,0
0.0,0.0,0.0,0.0,0.0,0.0,0.0,0.0,0.0,0.0,9115,10,338.35757851600647,0,0,60,26,0,26,0,0
0.0,0.0,0.0,0.0,0.0,0.0,0.0,0.0,0.0,0.0,9125,10,338.77418637275696,0,0,71,33,0,33,0,0
0.0,0.0,0.0,0.0,0.0,0.0,0.0,0.0,0.0,0.0,9135,10,339.2040386199951,0,0,72,32,0,32,0,0
0.0,0.0,0.0,0.0,0.0,0.0,0.0,0.0,0.0,0.0,9145,10,339.6567325592041,0,0,75,32,0,32,0,0
0.0,0.0,0.0,0.0,0.0,0.0,0.0,0.0,0.0,0.0,9155,10,340.0306158065796,0,0,57,29,0,29,0,0
0.0,0.0,0.0,0.0,0.0,0.0,0.0,0.0,0.0,0.0,9165,10,340.43921065330505,0,0,65,27,0,27,0,0
0.0,0.0,0.0,0.0,0.0,0.0,0.0,0.0,0.0,0.0,9175,10,340.9401593208313,0,0,80,46,0,46,0,0
0.0,0.0,0.0,0.0,0.0,0.0,0.0,0.0,0.0,0.0,9185,10,341.4564049243927,0,0,69,46,0,46,0,0
0.0,0.0,0.0,0.0,0.0,0.0,0.0,0.0,0.0,0.0,9195,10,341.86764097213745,0,0,64,27,0,27,0,0
0.0,0.0,0.0,0.0,0.0,0.0,0.0,0.0,0.0,0.0,9205,10,342.22467041015625,0,0,60,21,0,21,0,0
0.0,0.0,0.0,0.0,0.0,0.0,0.0,0.0,0.0,0.0,9215,10,342.7498743534088,0,0,78,53,0,53,0,0
0.0,0.0,0.0,0.0,0.0,0.0,0.0,0.0,0.0,0.0,9225,10,343.20775532722473,0,0,69,44,0,44,0,0
0.0,0.0,0.0,0.0,0.0,0.0,0.0,0.0,0.0,0.0,9235,10,343.5763852596283,0,0,63,19,0,19,0,0
0.0,0.0,0.0,0.0,0.0,0.0,0.0,0.0,0.0,0.0,9245,10,343.97083163261414,0,0,58,28,0,28,0,0
0.0,0.0,0.0,0.0,0.0,0.0,0.0,0.0,0.0,0.0,9255,10,344.35709285736084,0,0,61,26,0,26,0,0
0.0,0.0,0.0,0.0,0.0,0.0,0.0,0.0,0.0,0.0,9265,10,344.7265291213989,0,0,60,19,0,19,0,0
0.0,0.0,0.0,0.0,0.0,0.0,0.0,0.0,0.0,0.0,9275,10,345.0547339916229,0,0,63,12,0,12,0,0
0.0,0.0,0.0,0.0,0.0,0.0,0.0,0.0,0.0,0.0,9285,10,345.47495222091675,0,0,63,29,0,29,0,0
0.0,0.0,0.0,0.0,0.0,0.0,0.0,0.0,0.0,0.0,9295,10,345.8997404575348,0,0,68,35,0,35,0,0
0.0,0.0,0.0,0.0,0.0,0.0,0.0,0.0,0.0,0.0,9305,10,346.20153427124023,0,0,59,9,0,9,0,0
0.0,0.0,0.0,0.0,0.0,0.0,0.0,0.0,0.0,0.0,9315,10,346.65688371658325,0,0,74,35,0,35,0,0
0.0,0.0,0.0,0.0,0.0,0.0,0.0,0.0,0.0,0.0,9325,10,347.08911967277527,0,0,76,31,0,31,0,0
0.0,0.0,0.0,0.0,0.0,0.0,0.0,0.0,0.0,0.0,9335,10,347.47579169273376,0,0,60,24,0,24,0,0
0.0,0.0,0.0,0.0,0.0,0.0,0.0,0.0,0.0,0.0,9345,10,347.8420338630676,0,0,56,26,0,26,0,0
0.0,0.0,0.0,0.0,0.0,0.0,0.0,0.0,0.0,0.0,9355,10,348.2218511104584,0,0,59,25,0,25,0,0
0.0,0.0,0.0,0.0,0.0,0.0,0.0,0.0,0.0,0.0,9365,10,348.7045588493347,0,0,65,46,0,46,0,0
0.0,0.0,0.0,0.0,0.0,0.0,0.0,0.0,0.0,0.0,9375,10,349.02894949913025,0,0,67,13,0,13,0,0
0.0,0.0,0.0,0.0,0.0,0.0,0.0,0.0,0.0,0.0,9385,10,349.3768119812012,0,0,54,19,0,19,0,0
0.0,0.0,0.0,0.0,0.0,0.0,0.0,0.0,0.0,0.0,9395,10,349.9104280471802,0,0,71,55,0,55,0,0
0.0,0.0,0.0,0.0,0.0,0.0,0.0,0.0,0.0,0.0,9405,10,350.2508454322815,0,0,60,17,0,17,0,0
0.0,0.0,0.0,0.0,0.0,0.0,0.0,0.0,0.0,0.0,9415,10,350.6766128540039,0,0,61,36,0,36,0,0
0.0,0.0,0.0,0.0,0.0,0.0,0.0,0.0,0.0,0.0,9425,10,351.1203875541687,0,0,63,39,0,39,0,0
0.0,0.0,0.0,0.0,0.0,0.0,0.0,0.0,0.0,0.0,9435,10,351.52597737312317,0,0,65,27,0,27,0,0
0.0,0.0,0.0,0.0,0.0,0.0,0.0,0.0,0.0,0.0,9445,10,351.886146068573,0,0,63,19,0,19,0,0
0.0,0.0,0.0,0.0,0.0,0.0,0.0,0.0,0.0,0.0,9455,10,352.3890724182129,0,0,76,44,0,44,0,0
0.0,0.0,0.0,0.0,0.0,0.0,0.0,0.0,0.0,0.0,9465,10,352.8070948123932,0,0,68,28,0,28,0,0
0.0,0.0,0.0,0.0,0.0,0.0,0.0,0.0,0.0,0.0,9475,10,353.180109500885,0,0,60,20,0,20,0,0
0.0,0.0,0.0,0.0,0.0,0.0,0.0,0.0,0.0,0.0,9485,10,353.53244161605835,0,0,61,23,0,23,0,0
0.0,0.0,0.0,0.0,0.0,0.0,0.0,0.0,0.0,0.0,9495,10,354.0184280872345,0,0,65,41,0,41,0,0
0.0,0.0,0.0,0.0,0.0,0.0,0.0,0.0,0.0,0.0,9505,10,354.3514919281006,0,0,62,17,0,17,0,0
0.0,0.0,0.0,0.0,0.0,0.0,0.0,0.0,0.0,0.0,9515,10,354.7256443500519,0,0,60,23,0,23,0,0
0.0,0.0,0.0,0.0,0.0,0.0,0.0,0.0,0.0,0.0,9525,10,355.03981494903564,0,0,52,16,0,16,0,0
0.0,0.0,0.0,0.0,0.0,0.0,0.0,0.0,0.0,0.0,9535,10,355.39122009277344,0,0,58,18,0,18,0,0
0.0,0.0,0.0,0.0,0.0,0.0,0.0,0.0,0.0,0.0,9545,10,355.8827311992645,0,0,76,39,0,39,0,0
0.0,0.0,0.0,0.0,0.0,0.0,0.0,0.0,0.0,0.0,9555,10,356.3224387168884,0,0,69,39,0,39,0,0
0.0,0.0,0.0,0.0,0.0,0.0,0.0,0.0,0.0,0.0,9565,10,356.72375106811523,0,0,57,27,0,27,0,0
0.0,0.0,0.0,0.0,0.0,0.0,0.0,0.0,0.0,0.0,9575,10,357.06369519233704,0,0,57,21,0,21,0,0
0.0,0.0,0.0,0.0,0.0,0.0,0.0,0.0,0.0,0.0,9585,10,357.41426634788513,0,0,57,20,0,20,0,0
0.0,0.0,0.0,0.0,0.0,0.0,0.0,0.0,0.0,0.0,9595,10,357.90948033332825,0,0,62,45,0,45,0,0
0.0,0.0,0.0,0.0,0.0,0.0,0.0,0.0,0.0,0.0,9605,10,358.377587556839,0,0,66,41,0,41,0,0
0.0,0.0,0.0,0.0,0.0,0.0,0.0,0.0,0.0,0.0,9615,10,358.8517735004425,0,0,70,46,0,46,0,0
0.0,0.0,0.0,0.0,0.0,0.0,0.0,0.0,0.0,0.0,9625,10,359.14232778549194,0,0,52,14,0,14,0,0
0.0,0.0,0.0,0.0,0.0,0.0,0.0,0.0,0.0,0.0,9635,10,359.48861050605774,0,0,58,20,0,20,0,0
0.0,0.0,0.0,0.0,0.0,0.0,0.0,0.0,0.0,0.0,9645,10,359.88404083251953,0,0,66,27,0,27,0,0
0.0,0.0,0.0,0.0,0.0,0.0,0.0,0.0,0.0,0.0,9655,10,360.34796929359436,0,0,76,37,0,37,0,0
0.0,0.0,0.0,0.0,0.0,0.0,0.0,0.0,0.0,0.0,9665,10,360.6453127861023,0,0,52,16,0,16,0,0
0.0,0.0,0.0,0.0,0.0,0.0,0.0,0.0,0.0,0.0,9675,10,360.984347820282,0,0,62,12,0,12,0,0
0.0,0.0,0.0,0.0,0.0,0.0,0.0,0.0,0.0,0.0,9685,10,361.31475257873535,0,0,60,15,0,15,0,0
0.0,0.0,0.0,0.0,0.0,0.0,0.0,0.0,0.0,0.0,9695,10,361.82239532470703,0,0,64,53,0,53,0,0
0.0,0.0,0.0,0.0,0.0,0.0,0.0,0.0,0.0,0.0,9705,10,362.15693068504333,0,0,63,16,0,16,0,0
0.0,0.0,0.0,0.0,0.0,0.0,0.0,0.0,0.0,0.0,9715,10,362.52741503715515,0,0,59,26,0,26,0,0
0.0,0.0,0.0,0.0,0.0,0.0,0.0,0.0,0.0,0.0,9725,10,362.8274438381195,0,0,56,11,0,11,0,0
0.0,0.0,0.0,0.0,0.0,0.0,0.0,0.0,0.0,0.0,9735,10,363.27955293655396,0,0,69,41,0,41,0,0
0.0,0.0,0.0,0.0,0.0,0.0,0.0,0.0,0.0,0.0,9745,10,363.70321106910706,0,0,64,31,0,31,0,0
0.0,0.0,0.0,0.0,0.0,0.0,0.0,0.0,0.0,0.0,9755,10,364.19897079467773,0,0,80,43,0,43,0,0
0.0,0.0,0.0,0.0,0.0,0.0,0.0,0.0,0.0,0.0,9765,10,364.5553283691406,0,0,55,26,0,26,0,0
0.0,0.0,0.0,0.0,0.0,0.0,0.0,0.0,0.0,0.0,9775,10,365.06285190582275,0,0,68,47,0,47,0,0
0.0,0.0,0.0,0.0,0.0,0.0,0.0,0.0,0.0,0.0,9785,10,365.45225739479065,0,0,62,27,0,27,0,0
0.0,0.0,0.0,0.0,0.0,0.0,0.0,0.0,0.0,0.0,9795,10,366.0777008533478,0,0,87,62,0,62,0,0
0.0,0.0,0.0,0.0,0.0,0.0,0.0,0.0,0.0,0.0,9805,10,366.49363112449646,0,0,70,21,0,21,0,0
0.0,0.0,0.0,0.0,0.0,0.0,0.0,0.0,0.0,0.0,9815,10,366.9965579509735,0,0,75,41,0,41,0,0
0.0,0.0,0.0,0.0,0.0,0.0,0.0,0.0,0.0,0.0,9825,10,367.44521379470825,0,0,56,37,0,37,0,0
0.0,0.0,0.0,0.0,0.0,0.0,0.0,0.0,0.0,0.0,9835,10,367.90336894989014,0,0,65,39,0,39,0,0
0.0,0.0,0.0,0.0,0.0,0.0,0.0,0.0,0.0,0.0,9845,10,368.3092887401581,0,0,66,25,0,25,0,0
0.0,0.0,0.0,0.0,0.0,0.0,0.0,0.0,0.0,0.0,9855,10,368.6842954158783,0,0,62,25,0,25,0,0
0.0,0.0,0.0,0.0,0.0,0.0,0.0,0.0,0.0,0.0,9865,10,369.1434144973755,0,0,75,33,0,33,0,0
0.0,0.0,0.0,0.0,0.0,0.0,0.0,0.0,0.0,0.0,9875,10,369.54296135902405,0,0,68,27,0,27,0,0
0.0,0.0,0.0,0.0,0.0,0.0,0.0,0.0,0.0,0.0,9885,10,369.8874702453613,0,0,59,17,0,17,0,0
0.0,0.0,0.0,0.0,0.0,0.0,0.0,0.0,0.0,0.0,9895,10,370.21828722953796,0,0,64,12,0,12,0,0
0.0,0.0,0.0,0.0,0.0,0.0,0.0,0.0,0.0,0.0,9905,10,370.6551501750946,0,0,69,28,0,28,0,0
0.0,0.0,0.0,0.0,0.0,0.0,0.0,0.0,0.0,0.0,9915,10,371.0094530582428,0,0,55,21,0,21,0,0
0.0,0.0,0.0,0.0,0.0,0.0,0.0,0.0,0.0,0.0,9925,10,371.5420079231262,0,0,73,49,0,49,0,0
0.0,0.0,0.0,0.0,0.0,0.0,0.0,0.0,0.0,0.0,9935,10,372.00980949401855,0,0,73,36,0,36,0,0
0.0,0.0,0.0,0.0,0.0,0.0,0.0,0.0,0.0,0.0,9945,10,372.4427299499512,0,0,68,31,0,31,0,0
0.0,0.0,0.0,0.0,0.0,0.0,0.0,0.0,0.0,0.0,9955,10,372.8538064956665,0,0,60,31,0,31,0,0
0.0,0.0,0.0,0.0,0.0,0.0,0.0,0.0,0.0,0.0,9965,10,373.4426999092102,0,0,81,61,0,61,0,0
0.0,0.0,0.0,0.0,0.0,0.0,0.0,0.0,0.0,0.0,9975,10,373.78376841545105,0,0,58,20,0,20,0,0
